Name,R_1,R_2,RRR_1,RRR_2
A10L1,2.529999999999997,3.1300000000000003,78.31400167043277,70.35344691681026
A10L2,1.77,1.6999999999999997,96.78539546647139,101.106504622535
A10L3,1.8100000000000003,3.4599999999999995,95.95614563437317,61.141317629472105
A10L4,3.0900000000000283,3.210000000000001,70.74825409990856,68.73171710454288
A10L5,3.1600000000000006,3.210000000000001,69.74295839809092,68.73171710454288
A10L6,3.03,3.400000000000001,71.53341464630975,65.45791952580721
A10L7,3.310000141193014,3.2600000000000016,67.19212096326802,67.7519122227926
A10L8,2.400000000000003,2.4799999999999818,80.40070272144557,79.08549669352671
A10R1,1.67,1.67,100.31451566000446,100.31451566000446
A10R2,1.8299999999999998,3.3000000000097947,94.32351566615597,67.44303788811109
A10R3,3.2099999999999995,2.450000000000002,68.37476174248951,79.59764615112702
A10R4,3.289999999999999,3.15,68.13512170581375,69.97010621488656
A10R5,3.11,2.4300000000000006,70.2908110941323,79.89986949478443
A10R6,1.8,1.93,95.65008800371686,91.38914903100921
A10R7,3.2200000000000015,3.2200000000000015,69.30246088141651,69.30246088141651
A10R8,3.3100000000000125,3.310000141193014,66.6210185838169,67.19212096326802
A11L1,1.7400000000000002,3.32,97.96677628651337,67.66559710105976
A11L2,1.6999999999999997,3.400000000000001,101.106504622535,65.45791952580721
A11L3,1.7499999999999998,1.8299999999999998,99.6289270513348,94.32351566615597
A11L4,2.4800000000000004,2.4300000000000015,79.10202191429511,79.91564766114065
A11L5,3.289999999999999,3.1,68.13512170581375,70.752888773442
A11L6,1.8100000000000003,3.25,95.95614563437317,68.22162291037226
A11L7,1.8299999999999998,1.67,94.71508838982798,100.31451566000446
A11L8,3.2400000000000007,3.21,66.94333085452014,68.07622572204467
A11R1,1.67,1.8499999999999999,100.31451566000446,94.10394295985523
A11R2,3.400000000000001,3.3100000000000125,65.45791952580721,66.6210185838169
A11R3,2.4800000000000004,2.4300000000000015,79.10202191429511,79.91564766114065
A11R4,3.2600000000000016,3.1300000000000003,67.7519122227926,70.35344691681026
A11R5,3.15,3.15,69.97010621488656,69.97010621488656
A11R6,3.289999999999999,1.93,68.13512170581375,91.38914903100921
A11R7,3.08,3.3100000000000125,70.92620638880226,66.6210185838169
A11R8,3.2600000000000016,3.0200000000000027,67.7519122227926,71.68679046426837
A12L1,3.25,3.7,68.09926754352253,54.73594914052305
A12L2,1.6999999999999997,1.6999999999999997,101.106504622535,101.106504622535
A12L3,3.25,3.1200000000000006,68.22162291037226,70.36876554941088
A12L4,1.92,3.7,92.00434744749462,54.73594914052305
A12L5,3.1400000000000006,3.1400000000000006,70.26040277030548,70.26040277030548
A12L6,1.8299999999999998,1.74,94.71508838982798,97.96870463516547
A12L7,3.310000141193014,3.2400000000000007,67.19212096326802,67.59410659048159
A12L8,3.320000000000004,3.0100000000000118,66.96853432549321,71.77217049437834
A12R1,1.67,2.450000000000002,100.31451566000446,79.59764615112702
A12R2,3.1599999999999997,3.3000000000097947,70.07018630242422,67.44303788811109
A12R3,3.1799999999742785,3.08,69.74655266092758,70.92620638880226
A12R4,1.6999999999999997,1.8499999999999999,101.106504622535,94.10394295985523
A12R5,3.3000000000000025,3.03,67.81747258741485,71.53341464630975
A12R6,1.7899999999999998,1.81,96.14625244938793,95.8748204483924
A12R7,3.27,3.3100000000000125,66.66732040398628,66.6210185838169
A12R8,2.4300000000000006,3.15,79.89986949478443,69.97010621488656
A13L1,1.82,3.19,94.98000661467277,69.08204078566787
A13L2,3.320000000000004,3.02,66.96853432549321,71.69505965461342
A13L3,3.03,3.1200000000000006,71.53341464630975,70.36876554941088
A13L4,2.4800000000000004,1.8499999999999999,79.10202191429511,94.10394295985523
A13L5,3.1400000000000006,3.15,70.26040277030548,69.97010621488656
A13L6,3.3000000000000025,3.0800000000000005,67.81747258741485,70.76365748864274
A13L7,1.82,3.16,94.98000661467277,69.84073116587685
A13L8,3.289999999999999,3.3000000000097947,68.13512170581375,67.44303788811109
A13R1,1.67,3.2799999999999994,100.31451566000446,67.87449965452625
A13R2,3.400000000000001,3.3000000000000025,65.45791952580721,67.81747258741485
A13R3,1.92,1.68,92.00434744749462,100.45740439836791
A13R4,2.529999999999997,3.6000000000000005,78.31400167043277,60.43712854708486
A13R5,2.400000000000003,1.8299999999999998,80.40070272144557,94.32351566615597
A13R6,1.7300000000000002,3.1200000000000006,97.7700238334445,70.36876554941088
A13R7,3.390000000000002,3.0900000000000003,67.570380167343,70.87720413274648
A13R8,3.11,2.450000000000002,70.2908110941323,79.59764615112702
A14L1,3.2799999999999474,3.7,68.32892020652831,54.73594914052305
A14L2,3.400000000000001,3.2400000000000007,65.45791952580721,67.59410659048159
A14L3,1.68,3.3000000000097947,99.6525631876629,67.44303788811109
A14L4,1.8,3.210000000000001,95.65008800371686,68.73171710454288
A14L5,2.5,3.32,78.792057073657,67.66559710105976
A14L6,2.9799999999999986,3.0800000000000005,71.9167377486337,70.76365748864274
A14L7,1.7300000000000002,1.75,97.7700238334445,96.83501939690875
A14L8,3.3000000000097947,3.27,67.44303788811109,66.66732040398628
A14R1,3.400000000000001,2.9899999999999993,65.45791952580721,72.05491275077262
A14R2,3.1599999999999997,3.210000000000001,70.07018630242422,68.73171710454288
A14R3,2.4299999999999997,2.450000000000002,79.9134887858741,79.59764615112702
A14R4,3.2400000000000007,3.210000000000001,67.59410659048159,68.73171710454288
A14R5,3.1400000000000006,1.9499999999999997,70.26040277030548,91.06495839468394
A14R6,3.310000141193014,3.2600000000000016,67.19212096326802,67.7519122227926
A14R7,2.4000000000000004,2.4000000000000004,80.39860414416525,80.39860414416525
A14R8,1.71,2.450000000000002,99.29508583041603,79.59764615112702
A15L1,1.82,3.16,94.98000661467277,69.84073116587685
A15L2,3.27,1.6999999999999997,66.66732040398628,101.106504622535
A15L3,1.7499999999999998,3.4599999999999995,99.6289270513348,61.141317629472105
A15L4,1.8,3.32,95.65008800371686,67.66559710105976
A15L5,3.0900000000000283,2.9799999999999986,70.74825409990856,71.9167377486337
A15L6,3.289999999999999,1.93,68.13512170581375,91.38914903100921
A15L7,1.7300000000000002,1.75,97.7700238334445,97.93687798968394
A15L8,3.289999999999999,1.74,68.13512170581375,97.96870463516547
A15R1,3.320000000000004,3.02,66.96853432549321,71.69505965461342
A15R2,3.1599999999999997,2.9199999999999995,70.07018630242422,72.91920684067088
A15R3,3.25,3.6000000000000005,68.22162291037226,60.43712854708486
A15R4,3.1799999999742785,3.2400000000000126,69.74655266092758,67.99534303947361
A15R5,2.9799999999999986,3.08,71.9167377486337,70.92620638880226
A15R6,3.2799999999999994,3.15,67.87449965452625,69.97010621488656
A15R7,3.1799999999742785,3.08,69.74655266092758,70.92620638880226
A15R8,2.9799999999999986,3.1600000000000006,71.9167377486337,69.74295839809092
A16L1,2.4300000000000006,3.16,79.89986949478443,69.84073116587685
A16L2,1.68,2.45,99.6525631876629,79.59538110746324
A16L3,1.8100000000000003,3.4599999999999995,95.95614563437317,61.141317629472105
A16L4,3.1600000000000006,1.9499999999999997,69.74295839809092,91.06495839468394
A16L5,3.0900000000000283,3.210000000000001,70.74825409990856,68.73171710454288
A16L6,3.2799999999999994,3.2600000000000016,67.87449965452625,67.7519122227926
A16L7,1.8,1.96,95.65008800371686,90.45027015692106
A16L8,2.4000000000000004,2.4300000000000006,80.39860414416525,79.89986949478443
A16R1,1.81,1.68,95.8748204483924,99.6525631876629
A16R2,3.0900000000000283,1.96,70.74825409990856,90.45027015692106
A16R3,3.03,2.4300000000000015,71.53341464630975,79.91564766114065
A16R4,3.1,3.210000000000001,70.752888773442,68.73171710454288
A16R5,1.7899999999999998,1.93,96.14625244938793,91.38914903100921
A16R6,1.68,3.15,99.6525631876629,69.97010621488656
A16R7,3.32,3.3000000000000025,67.66559710105976,67.81747258741485
A16R8,3.1400000000000006,3.15,70.26040277030548,69.97010621488656
A17L1,2.9899999999999998,2.9899999999999998,71.7970833568226,71.7970833568226
A17L2,1.68,2.45,99.6525631876629,79.59538110746324
A17L3,1.7499999999999998,3.0800000000000005,99.6289270513348,70.76365748864274
A17L4,2.5,2.5,78.792057073657,78.792057073657
A17L5,1.68,3.2200000000000015,100.45740439836791,69.30246088141651
A17L6,3.03,1.96,71.53341464630975,90.45027015692106
A17L7,1.83,1.75,94.71351328593303,96.83501939690875
A17L8,2.4300000000000015,2.4799999999999818,79.91564766114065,79.08549669352671
A17R1,2.4299999999999997,2.450000000000002,79.9134887858741,79.59764615112702
A17R2,3.0900000000000283,1.8100000000000003,70.74825409990856,95.95614563437317
A17R3,2.4800000000000004,2.4800000000000004,79.10202191429511,79.10202191429511
A17R4,2.4000000000000004,2.5000000000000004,80.39860414416525,78.7897683364081
A17R5,1.74,2.4799999999999818,97.96870463516547,79.08549669352671
A17R6,3.32,1.93,66.69622311711481,91.38914903100921
A17R7,3.0100000000000118,3.209999999999757,71.77217049437834,67.60486835724907
A17R8,2.4300000000000015,1.81,79.91564766114065,95.8748204483924
A18L1,2.9899999999999998,2.9899999999999998,71.7970833568226,71.7970833568226
A18L2,2.5,2.5,78.792057073657,78.792057073657
A18L3,1.68,1.68,99.6525631876629,99.6525631876629
A18L4,3.1600000000000006,3.210000000000001,69.74295839809092,68.73171710454288
A18L5,1.8,1.93,95.65008800371686,91.38914903100921
A18L6,3.7,2.4300000000000015,54.73594914052305,79.91564766114065
A18L7,3.310000141193014,3.2400000000000007,67.19212096326802,67.59410659048159
A18L8,3.2400000000000007,3.3000000000097947,66.94333085452014,67.44303788811109
A18R1,2.9199999999999995,2.45,72.91920684067088,79.59538110746324
A18R2,1.7499999999999998,3.4599999999999995,99.6289270513348,61.141317629472105
A18R3,2.4299999999999997,2.4300000000000015,79.9134887858741,79.91564766114065
A18R4,3.1400000000000006,1.8299999999999998,70.26040277030548,94.32351566615597
A18R5,3.0800000000000005,3.2400000000000007,70.76365748864274,66.94333085452014
A18R6,1.82,3.15,94.98000661467277,69.97010621488656
A18R7,3.0100000000000118,3.209999999999757,71.77217049437834,67.60486835724907
A18R8,1.82,2.480000000000015,94.98000661467277,79.11108700795295
A19L1,3.2799999999999474,2.9899999999999998,68.32892020652831,71.7970833568226
A19L2,3.2099999999999995,2.560000000000002,68.37476174248951,77.8634517336402
A19L3,1.8100000000000003,1.83,95.95614563437317,94.71351328593303
A19L4,2.4000000000000004,2.4300000000000006,80.39860414416525,79.89986949478443
A19L5,3.4599999999999995,1.9499999999999997,61.141317629472105,91.06495839468394
A19L6,3.7,3.0800000000000005,54.73594914052305,70.76365748864274
A19L7,1.7300000000000002,3.16,97.7700238334445,69.84073116587685
A19L8,3.32,3.3000000000097947,67.66559710105976,67.44303788811109
A19R1,1.8,3.2799999999999994,95.65008800371686,67.87449965452625
A19R2,2.9799999999999986,2.9899999999999993,71.9167377486337,72.05491275077262
A19R3,3.08,2.4300000000000006,70.92620638880226,79.89986949478443
A19R4,3.310000141193014,3.2400000000000007,67.19212096326802,66.94333085452014
A19R5,3.289999999999999,2.9899999999999993,68.13512170581375,72.05491275077262
A19R6,2.4800000000000004,1.83,79.10202191429511,94.71351328593303
A19R7,3.08,3.3000000000097947,70.92620638880226,67.44303788811109
A19R8,1.74,2.9899999999999998,97.96870463516547,71.7970833568226
A20L1,3.32,3.310000141193014,66.69622311711481,67.19212096326802
A20L2,3.27,1.6999999999999997,66.66732040398628,101.106504622535
A20L3,1.68,1.68,99.6525631876629,99.6525631876629
A20L4,1.8,1.9499999999999997,95.65008800371686,91.06495839468394
A20L5,3.1,1.68,70.752888773442,100.45740439836791
A20L6,3.25,3.25,68.22162291037226,68.22162291037226
A20L7,1.7899999999999998,2.480000000000015,96.14625244938793,79.11108700795295
A20L8,3.2400000000000007,3.3000000000097947,66.94333085452014,67.44303788811109
A20R1,1.75,1.7699999999999998,97.93687798968394,97.37175994946976
A20R2,1.8100000000000003,3.3000000000000025,95.95614563437317,67.81747258741485
A20R3,1.67,3.210000000000001,100.31451566000446,68.73171710454288
A20R4,3.1,2.450000000000002,70.752888773442,79.59764615112702
A20R5,2.4000000000000004,1.68,80.39860414416525,99.6525631876629
A20R6,3.2099999999999995,3.16,68.37476174248951,69.84073116587685
A20R7,3.1599999999999997,3.209999999999757,70.07018630242422,67.60486835724907
A20R8,1.74,2.9899999999999998,97.96870463516547,71.7970833568226
A21L1,2.9799999999999986,3.210000000000001,71.9167377486337,68.73171710454288
A21L2,3.2799999999999474,2.45,68.32892020652831,79.59538110746324
A21L3,1.7499999999999998,1.83,99.6289270513348,94.71351328593303
A21L4,2.4000000000000004,2.5000000000000004,80.39860414416525,78.7897683364081
A21L5,1.75,1.8299999999999998,96.83501939690875,94.32351566615597
A21L6,2.400000000000003,2.4300000000000006,80.40070272144557,79.89986949478443
A21L7,3.6000000000000005,2.9899999999999993,60.43712854708486,72.05491275077262
A21L8,3.32,3.21,67.66559710105976,68.07622572204467
A21R1,1.77,3.02,96.78539546647139,71.69505965461342
A21R2,3.0900000000000283,3.3000000000000025,70.74825409990856,67.81747258741485
A21R3,2.45000000000002,1.9499999999999997,79.61488134911514,91.06495839468394
A21R4,1.71,1.68,99.29508583041603,100.45740439836791
A21R5,1.7300000000000002,1.68,97.7700238334445,99.6525631876629
A21R6,1.7899999999999998,1.81,96.14625244938793,95.8748204483924
A21R7,3.11,3.320000000000004,70.2908110941323,66.96853432549321
A21R8,2.4300000000000015,2.480000000000015,79.91564766114065,79.11108700795295
A22L1,2.9799999999999986,1.83,71.9167377486337,94.71351328593303
A22L2,3.2799999999999474,1.75,68.32892020652831,96.83501939690875
A22L3,3.6000000000000005,3.310000141193014,60.43712854708486,67.19212096326802
A22L4,3.0900000000000283,3.210000000000001,70.74825409990856,68.73171710454288
A22L5,1.6999999999999997,1.9499999999999997,101.106504622535,91.06495839468394
A22L6,2.400000000000003,1.8299999999999998,80.40070272144557,94.32351566615597
A22L7,1.82,1.7699999999999998,94.98000661467277,97.37175994946976
A22L8,3.2400000000000007,2.4799999999999818,67.59410659048159,79.08549669352671
A22R1,3.1600000000000006,3.1600000000000006,69.74295839809092,69.74295839809092
A22R2,3.400000000000001,3.2400000000000126,65.45791952580721,67.99534303947361
A22R3,2.5,2.5,78.792057073657,78.792057073657
A22R4,3.2400000000000007,3.2400000000000126,67.59410659048159,67.99534303947361
A22R5,3.03,3.2400000000000007,71.53341464630975,66.94333085452014
A22R6,1.7300000000000002,1.68,97.7700238334445,99.6525631876629
A22R7,3.0100000000000118,3.209999999999757,71.77217049437834,67.60486835724907
A22R8,2.9799999999999986,2.9899999999999998,71.9167377486337,71.7970833568226
A23L1,2.9799999999999986,3.32,71.9167377486337,66.69622311711481
A23L2,3.03,3.03,71.53341464630975,71.53341464630975
A23L3,3.0900000000000283,3.2400000000000126,70.74825409990856,67.99534303947361
A23L4,2.4800000000000004,1.8499999999999999,79.10202191429511,94.10394295985523
A23L5,2.45000000000002,3.2400000000000126,79.61488134911514,67.99534303947361
A23L6,3.0900000000000283,3.1300000000000003,70.74825409990856,70.35344691681026
A23L7,1.67,2.450000000000002,100.31451566000446,79.59764615112702
A23L8,3.32,3.27,66.69622311711481,66.66732040398628
A23R1,2.4299999999999997,2.45000000000002,79.9134887858741,79.61488134911514
A23R2,1.8,1.8,95.65008800371686,95.65008800371686
A23R3,3.2600000000000016,3.310000141193014,67.7519122227926,67.19212096326802
A23R4,3.2400000000000126,3.210000000000001,67.99534303947361,68.73171710454288
A23R5,3.2400000000000007,3.2400000000000007,67.59410659048159,66.94333085452014
A23R6,1.7899999999999998,2.480000000000015,96.14625244938793,79.11108700795295
A23R7,2.9799999999999986,3.3000000000097947,71.9167377486337,67.44303788811109
A23R8,2.9799999999999986,1.81,71.9167377486337,95.8748204483924
A24L1,3.3100000000000125,1.81,66.6210185838169,95.8748204483924
A24L2,1.68,2.45,99.6525631876629,79.59538110746324
A24L3,1.7499999999999998,3.4599999999999995,99.6289270513348,61.141317629472105
A24L4,3.1600000000000006,1.8499999999999999,69.74295839809092,94.10394295985523
A24L5,1.71,1.92,99.29508583041603,92.00434744749462
A24L6,1.74,2.4300000000000006,97.96870463516547,79.89986949478443
A24L7,1.7300000000000002,2.480000000000015,97.7700238334445,79.11108700795295
A24L8,3.11,3.0900000000000003,70.2908110941323,70.87720413274648
A24R1,1.82,3.2799999999999994,94.98000661467277,67.87449965452625
A24R2,3.209999999999757,3.2600000000000016,67.60486835724907,67.7519122227926
A24R3,3.1799999999999997,3.7,69.35436078096502,54.73594914052305
A24R4,1.74,1.74,97.96870463516547,97.96870463516547
A24R5,1.82,2.480000000000015,94.98000661467277,79.11108700795295
A24R6,1.7699999999999998,2.480000000000015,97.37175994946976,79.11108700795295
A24R7,2.9799999999999986,3.0900000000000003,71.9167377486337,70.87720413274648
A24R8,2.4300000000000015,1.75,79.91564766114065,97.93687798968394
A25L1,2.529999999999997,3.16,78.31400167043277,69.84073116587685
A25L2,3.2799999999999474,2.45000000000002,68.32892020652831,79.61488134911514
A25L3,1.7499999999999998,3.1200000000000006,99.6289270513348,70.36876554941088
A25L4,1.92,3.210000000000001,92.00434744749462,68.73171710454288
A25L5,3.11,2.5,70.2908110941323,78.792057073657
A25L6,3.2400000000000007,3.25,67.59410659048159,68.22162291037226
A25L7,3.1400000000000006,1.93,70.26040277030548,91.38914903100921
A25L8,2.400000000000003,2.4300000000000015,80.40070272144557,79.91564766114065
A25R1,2.4299999999999997,3.2799999999999994,79.9134887858741,67.87449965452625
A25R2,3.0900000000000283,3.6000000000000005,70.74825409990856,60.43712854708486
A25R3,2.4800000000000004,2.4300000000000015,79.10202191429511,79.91564766114065
A25R4,1.71,1.68,99.29508583041603,100.45740439836791
A25R5,3.7,3.2400000000000007,54.73594914052305,66.94333085452014
A25R6,3.2799999999999994,3.2799999999999994,67.87449965452625,67.87449965452625
A25R7,3.1599999999999997,3.0900000000000003,70.07018630242422,70.87720413274648
A25R8,3.08,3.15,70.92620638880226,69.97010621488656
A26L1,2.4300000000000015,1.75,79.91564766114065,97.93687798968394
A26L2,1.77,1.75,96.78539546647139,96.83501939690875
A26L3,3.400000000000001,3.7,65.45791952580721,54.73594914052305
A26L4,3.4599999999999995,3.32,61.141317629472105,67.66559710105976
A26L5,3.1600000000000006,1.9499999999999997,69.74295839809092,91.06495839468394
A26L6,1.7300000000000002,3.19,97.7700238334445,69.08204078566787
A26L7,1.67,1.7699999999999998,100.31451566000446,97.37175994946976
A26L8,3.32,2.01,67.66559710105976,90.1826216302873
A26R1,1.77,1.92,96.78539546647139,92.00434744749462
A26R2,3.2400000000000126,3.2400000000000126,67.99534303947361,67.99534303947361
A26R3,1.7400000000000002,1.8499999999999999,97.96677628651337,94.10394295985523
A26R4,1.7300000000000002,1.68,97.7700238334445,100.45740439836791
A26R5,1.8100000000000003,2.9899999999999993,95.95614563437317,72.05491275077262
A26R6,1.7699999999999998,1.68,97.37175994946976,99.6525631876629
A26R7,1.93,3.3000000000097947,91.38914903100921,67.44303788811109
A26R8,2.3500000000000063,2.45000000000002,81.26569022666702,79.61488134911514
A27L1,1.83,2.9899999999999998,94.71351328593303,71.7970833568226
A27L2,3.2799999999999474,2.45,68.32892020652831,79.59538110746324
A27L3,3.0900000000000283,3.1200000000000006,70.74825409990856,70.36876554941088
A27L4,3.4599999999999995,3.32,61.141317629472105,67.66559710105976
A27L5,2.45000000000002,1.68,79.61488134911514,100.45740439836791
A27L6,3.310000141193014,3.2600000000000016,67.19212096326802,67.7519122227926
A27L7,1.81,1.81,95.8748204483924,95.8748204483924
A27L8,3.1400000000000006,3.289999999999999,70.26040277030548,68.13512170581375
A27R1,1.67,3.2799999999999994,100.31451566000446,67.87449965452625
A27R2,3.400000000000001,3.2400000000000126,65.45791952580721,67.99534303947361
A27R3,3.25,3.7,68.09926754352253,54.73594914052305
A27R4,1.92,1.68,92.00434744749462,100.45740439836791
A27R5,3.25,1.8299999999999998,68.09926754352253,94.32351566615597
A27R6,1.7899999999999998,3.1799999999742785,96.14625244938793,69.74655266092758
A27R7,3.1599999999999997,3.0900000000000003,70.07018630242422,70.87720413274648
A27R8,3.1400000000000006,3.15,70.26040277030548,69.97010621488656
A28L1,1.75,2.9899999999999998,96.83501939690875,71.7970833568226
A28L2,3.2799999999999474,2.560000000000002,68.32892020652831,77.8634517336402
A28L3,3.0900000000000283,3.4599999999999995,70.74825409990856,61.141317629472105
A28L4,2.560000000000002,2.5000000000000004,77.8634517336402,78.7897683364081
A28L5,3.1,3.2600000000000016,70.752888773442,67.7519122227926
A28L6,2.400000000000003,1.8299999999999998,80.40070272144557,94.32351566615597
A28L7,1.7899999999999998,2.01,96.14625244938793,90.1826216302873
A28L8,1.7699999999999998,1.74,97.37175994946976,97.96870463516547
A28R1,2.4800000000000004,2.5,79.10202191429511,78.792057073657
A28R2,1.7499999999999998,3.4599999999999995,99.6289270513348,61.141317629472105
A28R3,2.9199999999999995,2.9199999999999995,72.91920684067088,72.91920684067088
A28R4,3.08,3.15,70.92620638880226,69.97010621488656
A28R5,2.9799999999999986,2.4300000000000006,71.9167377486337,79.89986949478443
A28R6,2.4800000000000004,3.1200000000000006,79.10202191429511,70.36876554941088
A28R7,3.11,3.3000000000097947,70.2908110941323,67.44303788811109
A28R8,3.19,3.16,69.08204078566787,69.84073116587685
A29L1,3.2799999999999474,1.83,68.32892020652831,94.71351328593303
A29L2,3.1400000000000006,3.1400000000000006,70.26040277030548,70.26040277030548
A29L3,3.25,1.8299999999999998,68.22162291037226,94.32351566615597
A29L4,1.8,1.93,95.65008800371686,91.38914903100921
A29L5,3.1,1.8299999999999998,70.752888773442,94.32351566615597
A29L6,2.9799999999999986,2.4300000000000006,71.9167377486337,79.89986949478443
A29L7,3.2799999999999994,3.2600000000000016,67.87449965452625,67.7519122227926
A29L8,3.27,3.0900000000000003,66.66732040398628,70.87720413274648
A29R1,3.25,1.92,68.09926754352253,92.00434744749462
A29R2,3.0900000000000283,3.2400000000000126,70.74825409990856,67.99534303947361
A29R3,2.6828175538650796,2.6828175538650796,75.0,75.0
A29R4,3.310000141193014,1.93,67.19212096326802,91.38914903100921
A29R5,2.4300000000000015,2.4300000000000015,79.91564766114065,79.91564766114065
A29R6,1.7300000000000002,3.16,97.7700238334445,69.84073116587685
A29R7,2.4300000000000015,2.4799999999999818,79.91564766114065,79.08549669352671
A29R8,2.400000000000003,3.19,80.40070272144557,69.08204078566787
A30L1,2.4300000000000015,2.480000000000015,79.91564766114065,79.11108700795295
A30L2,1.77,3.320000000000004,96.78539546647139,66.96853432549321
A30L3,3.6000000000000005,3.3100000000000125,60.43712854708486,66.6210185838169
A30L4,1.6999999999999997,1.8499999999999999,101.106504622535,94.10394295985523
A30L5,3.289999999999999,3.15,68.13512170581375,69.97010621488656
A30L6,1.82,3.16,94.98000661467277,69.84073116587685
A30L7,1.67,1.8499999999999999,100.31451566000446,94.10394295985523
A30L8,3.390000000000002,3.390000000000002,67.570380167343,67.570380167343
A30R1,1.6999999999999997,1.6999999999999997,101.106504622535,101.106504622535
A30R2,3.1600000000000006,3.3100000000000125,69.74295839809092,66.6210185838169
A30R3,3.320000000000004,2.9199999999999995,66.96853432549321,72.91920684067088
A30R4,2.6828175538650796,2.6828175538650796,75.0,75.0
A30R5,3.7,2.480000000000015,54.73594914052305,79.11108700795295
A30R6,3.2099999999999995,2.4300000000000015,68.37476174248951,79.91564766114065
A30R7,1.93,1.93,91.38914903100921,91.38914903100921
A30R8,1.82,3.16,94.98000661467277,69.84073116587685
A31L1,1.82,3.16,94.98000661467277,69.84073116587685
A31L2,2.6828175538650796,2.6828175538650796,75.0,75.0
A31L3,3.0900000000000283,1.96,70.74825409990856,90.45027015692106
A31L4,2.5000000000000004,2.4799999999999818,78.7897683364081,79.08549669352671
A31L5,2.45000000000002,1.92,79.61488134911514,92.00434744749462
A31L6,3.03,3.25,71.53341464630975,68.22162291037226
A31L7,1.8,1.8,95.65008800371686,95.65008800371686
A31L8,3.4599999999999995,3.21,61.141317629472105,68.07622572204467
A31R1,3.2799999999999474,3.2799999999999474,68.32892020652831,68.32892020652831
A31R2,3.0900000000000283,1.96,70.74825409990856,90.45027015692106
A31R3,3.1799999999999997,2.9199999999999995,69.35436078096502,72.91920684067088
A31R4,1.7300000000000002,3.7,97.7700238334445,54.73594914052305
A31R5,3.2400000000000007,3.0800000000000005,67.59410659048159,70.76365748864274
A31R6,3.2099999999999995,3.2799999999999994,68.37476174248951,67.87449965452625
A31R7,3.2200000000000015,3.21,69.30246088141651,68.07622572204467
A31R8,2.4300000000000015,2.4300000000000006,79.91564766114065,79.89986949478443
A32L1,2.4300000000000006,3.16,79.89986949478443,69.84073116587685
A32L2,3.320000000000004,3.1599999999999997,66.96853432549321,70.07018630242422
A32L3,3.289999999999999,1.83,68.13512170581375,94.71351328593303
A32L4,3.0800000000000005,2.4300000000000015,70.76365748864274,79.91564766114065
A32L5,2.529999999999997,3.1300000000000003,78.31400167043277,70.35344691681026
A32L6,3.310000141193014,2.9899999999999993,67.19212096326802,72.05491275077262
A32L7,3.1400000000000006,3.0900000000000003,70.26040277030548,70.87720413274648
A32L8,3.25,3.21,68.09926754352253,68.07622572204467
A32R1,2.4299999999999997,2.450000000000002,79.9134887858741,79.59764615112702
A32R2,3.27,3.310000141193014,66.66732040398628,67.19212096326802
A32R3,3.1799999999999997,3.1799999999999997,69.35436078096502,69.35436078096502
A32R4,3.11,2.5,70.2908110941323,78.792057073657
A32R5,3.2400000000000007,3.2200000000000015,67.59410659048159,69.30246088141651
A32R6,3.310000141193014,3.2600000000000016,67.19212096326802,67.7519122227926
A32R7,3.32,3.32,67.66559710105976,66.69622311711481
A32R8,2.4300000000000006,2.480000000000015,79.89986949478443,79.11108700795295
A33L1,2.4300000000000015,2.480000000000015,79.91564766114065,79.11108700795295
A33L2,3.1400000000000006,3.1400000000000006,70.26040277030548,70.26040277030548
A33L3,3.400000000000001,3.3100000000000125,65.45791952580721,66.6210185838169
A33L4,2.4299999999999997,1.68,79.9134887858741,100.45740439836791
A33L5,1.8,1.7699999999999998,95.65008800371686,97.37175994946976
A33L6,2.9799999999999986,3.21,71.9167377486337,68.07622572204467
A33L7,1.8,1.93,95.65008800371686,91.38914903100921
A33L8,2.6828175538650796,2.6828175538650796,75.0,75.0
A33R1,3.2799999999999474,3.2799999999999474,68.32892020652831,68.32892020652831
A33R2,2.9899999999999993,1.96,72.05491275077262,90.45027015692106
A33R3,3.25,2.9199999999999995,68.09926754352253,72.91920684067088
A33R4,3.2099999999999995,2.45000000000002,68.37476174248951,79.61488134911514
A33R5,1.8299999999999998,1.81,94.71508838982798,95.8748204483924
A33R6,3.2099999999999995,1.83,68.37476174248951,94.71351328593303
A33R7,3.08,3.3000000000097947,70.92620638880226,67.44303788811109
A33R8,3.25,1.75,68.09926754352253,97.93687798968394
A34L1,1.7300000000000002,2.480000000000015,97.7700238334445,79.11108700795295
A34L2,1.6999999999999997,3.02,101.106504622535,71.69505965461342
A34L3,3.6000000000000005,2.9899999999999993,60.43712854708486,72.05491275077262
A34L4,1.8499999999999999,1.68,94.10394295985523,100.45740439836791
A34L5,1.92,1.68,92.00434744749462,100.45740439836791
A34L6,3.27,3.2600000000000016,66.66732040398628,67.7519122227926
A34L7,3.2099999999999995,3.16,68.37476174248951,69.84073116587685
A34L8,3.27,3.3100000000000125,66.66732040398628,66.6210185838169
A34R1,2.45,1.6999999999999997,79.59538110746324,101.106504622535
A34R2,1.8299999999999998,3.3000000000097947,94.32351566615597,67.44303788811109
A34R3,2.4800000000000004,2.5000000000000004,79.10202191429511,78.7897683364081
A34R4,3.0200000000000027,1.8299999999999998,71.68679046426837,94.32351566615597
A34R5,3.2400000000000007,1.8100000000000003,67.59410659048159,95.95614563437317
A34R6,2.01,1.8,90.1826216302873,95.65008800371686
A34R7,3.3000000000097947,3.1400000000000006,67.44303788811109,70.26040277030548
A34R8,1.7300000000000002,3.19,97.7700238334445,69.08204078566787
A8L1,1.77,1.9499999999999997,96.78539546647139,91.06495839468394
A8L2,3.1799999999999997,3.21,69.35436078096502,68.07622572204467
A8L3,1.7499999999999998,3.0200000000000027,99.6289270513348,71.68679046426837
A8L4,3.1799999999742785,3.210000000000001,69.74655266092758,68.73171710454288
A8L5,3.0200000000000027,1.8299999999999998,71.68679046426837,94.32351566615597
A8L6,1.67,2.480000000000015,100.31451566000446,79.11108700795295
A8L7,1.7899999999999998,2.480000000000015,96.14625244938793,79.11108700795295
A8L8,2.4300000000000015,2.4799999999999818,79.91564766114065,79.08549669352671
A8R1,1.8,1.8499999999999999,95.65008800371686,94.10394295985523
A8R2,3.0900000000000003,3.2600000000000016,70.87720413274648,67.7519122227926
A8R3,3.1599999999999997,3.1599999999999997,70.07018630242422,70.07018630242422
A8R4,3.11,2.5,70.2908110941323,78.792057073657
A8R5,3.6000000000000005,3.2400000000000007,60.43712854708486,67.59410659048159
A8R6,1.67,1.8499999999999999,100.31451566000446,94.10394295985523
A8R7,1.74,3.32,97.96870463516547,66.69622311711481
A8R8,2.9799999999999986,3.2200000000000015,71.9167377486337,69.30246088141651
A9L1,3.0900000000000283,1.7499999999999998,70.74825409990856,99.6289270513348
A9L2,3.7,3.02,54.73594914052305,71.69505965461342
A9L3,1.96,3.1200000000000006,90.45027015692106,70.36876554941088
A9L4,2.4800000000000004,2.5000000000000004,79.10202191429511,78.7897683364081
A9L5,3.0900000000000283,3.210000000000001,70.74825409990856,68.73171710454288
A9L6,2.01,3.03,90.1826216302873,71.53341464630975
A9L7,3.1400000000000006,1.7499999999999998,70.26040277030548,99.6289270513348
A9L8,2.4300000000000015,2.4300000000000015,79.91564766114065,79.91564766114065
A9R1,1.75,1.8499999999999999,97.93687798968394,94.10394295985523
A9R2,3.209999999999757,3.02,67.60486835724907,71.69505965461342
A9R3,3.1799999999742785,1.74,69.74655266092758,97.96870463516547
A9R4,3.0200000000000027,3.02,71.68679046426837,71.69505965461342
A9R5,3.2400000000000007,3.1799999999742785,67.59410659048159,69.74655266092758
A9R6,3.2799999999999994,3.2600000000000016,67.87449965452625,67.7519122227926
A9R7,3.25,3.21,68.22162291037226,68.07622572204467
A9R8,2.400000000000003,3.3100000000000125,80.40070272144557,66.6210185838169
B10L1,1.75,1.81,97.93687798968394,95.8748204483924
B10L2,3.27,2.9899999999999998,66.66732040398628,71.7970833568226
B10L3,1.7499999999999998,3.0200000000000027,99.6289270513348,71.68679046426837
B10L4,3.1799999999742785,3.08,69.74655266092758,70.92620638880226
B10L5,3.1,3.1,70.752888773442,70.752888773442
B10L6,3.7,3.2400000000000007,54.73594914052305,66.94333085452014
B10L7,3.1400000000000006,1.93,70.26040277030548,91.38914903100921
B10L8,1.74,3.21,97.96870463516547,68.07622572204467
B10R1,2.3500000000000063,2.400000000000002,81.26569022666702,80.42197475066784
B10R2,3.2400000000000126,3.3000000000000025,67.99534303947361,67.81747258741485
B10R3,3.1799999999742785,3.1799999999742785,69.74655266092758,69.74655266092758
B10R4,2.400000000000003,3.6000000000000005,80.40070272144557,60.43712854708486
B10R5,3.32,1.93,66.69622311711481,91.38914903100921
B10R6,3.2099999999999995,3.11,68.37476174248951,70.2908110941323
B10R7,1.8299999999999998,2.4799999999999818,94.71508838982798,79.08549669352671
B10R8,3.1,1.8299999999999998,70.752888773442,94.32351566615597
B11L1,1.74,3.2200000000000015,97.96870463516547,69.30246088141651
B11L2,3.2400000000000007,1.92,67.59410659048159,92.00434744749462
B11L3,3.2400000000000007,3.3100000000000125,66.94333085452014,66.6210185838169
B11L4,1.92,1.74,92.00434744749462,97.96870463516547
B11L5,1.77,1.8499999999999999,96.78539546647139,94.10394295985523
B11L6,1.82,1.7699999999999998,94.98000661467277,97.37175994946976
B11L7,1.7899999999999998,1.93,96.14625244938793,91.38914903100921
B11L8,3.1799999999742785,3.08,69.74655266092758,70.92620638880226
B11R1,1.82,3.2400000000000007,94.98000661467277,67.59410659048159
B11R2,1.8299999999999998,3.3000000000097947,94.32351566615597,67.44303788811109
B11R3,1.71,1.68,99.29508583041603,100.45740439836791
B11R4,3.1,3.1,70.752888773442,70.752888773442
B11R5,3.2400000000000007,3.0800000000000005,67.59410659048159,70.76365748864274
B11R6,3.2099999999999995,3.15,68.37476174248951,69.97010621488656
B11R7,3.11,3.3000000000097947,70.2908110941323,67.44303788811109
B11R8,1.74,3.2200000000000015,97.96870463516547,69.30246088141651
B12L1,3.1400000000000006,3.15,70.26040277030548,69.97010621488656
B12L2,3.27,1.77,66.66732040398628,96.78539546647139
B12L3,3.2400000000000007,3.0800000000000005,67.59410659048159,70.76365748864274
B12L4,3.0800000000000005,3.03,70.76365748864274,71.53341464630975
B12L5,3.0800000000000005,3.6000000000000005,70.76365748864274,60.43712854708486
B12L6,3.7,3.08,54.73594914052305,70.92620638880226
B12L7,3.1400000000000006,3.2600000000000016,70.26040277030548,67.7519122227926
B12L8,1.93,3.32,91.38914903100921,66.69622311711481
B12R1,3.2799999999999474,3.2799999999999474,68.32892020652831,68.32892020652831
B12R2,3.209999999999757,3.7,67.60486835724907,54.73594914052305
B12R3,2.4300000000000015,2.480000000000015,79.91564766114065,79.11108700795295
B12R4,3.1,3.02,70.752888773442,71.69505965461342
B12R5,1.8,1.9499999999999997,95.65008800371686,91.06495839468394
B12R6,1.7699999999999998,1.81,97.37175994946976,95.8748204483924
B12R7,3.0100000000000118,3.209999999999757,71.77217049437834,67.60486835724907
B12R8,1.75,1.81,97.93687798968394,95.8748204483924
B13L1,2.9799999999999986,3.310000141193014,71.9167377486337,67.19212096326802
B13L2,1.77,1.92,96.78539546647139,92.00434744749462
B13L3,3.03,3.6000000000000005,71.53341464630975,60.43712854708486
B13L4,3.25,3.1400000000000006,68.22162291037226,70.26040277030548
B13L5,1.7400000000000002,3.32,97.96677628651337,67.66559710105976
B13L6,2.400000000000003,3.08,80.40070272144557,70.92620638880226
B13L7,3.2799999999999994,3.15,67.87449965452625,69.97010621488656
B13L8,3.2400000000000007,3.21,67.59410659048159,68.07622572204467
B13R1,1.67,1.67,100.31451566000446,100.31451566000446
B13R2,3.25,3.7,68.09926754352253,54.73594914052305
B13R3,3.0900000000000283,3.210000000000001,70.74825409990856,68.73171710454288
B13R4,3.1400000000000006,3.15,70.26040277030548,69.97010621488656
B13R5,2.400000000000003,3.1300000000000003,80.40070272144557,70.35344691681026
B13R6,3.1600000000000006,3.1600000000000006,69.74295839809092,69.74295839809092
B13R7,3.32,3.0800000000000005,66.69622311711481,70.76365748864274
B13R8,2.400000000000003,3.6000000000000005,80.40070272144557,60.43712854708486
B14L1,3.1400000000000006,3.16,70.26040277030548,69.84073116587685
B14L2,3.27,1.7300000000000002,66.66732040398628,97.7700238334445
B14L3,3.2400000000000126,3.7,67.99534303947361,54.73594914052305
B14L4,3.25,3.6000000000000005,68.22162291037226,60.43712854708486
B14L5,3.1,3.15,70.752888773442,69.97010621488656
B14L6,3.2400000000000007,1.8100000000000003,67.59410659048159,95.95614563437317
B14L7,1.83,2.01,94.71351328593303,90.1826216302873
B14L8,3.11,3.21,70.2908110941323,68.07622572204467
B14R1,3.1599999999999997,1.75,70.07018630242422,96.83501939690875
B14R2,2.3500000000000063,3.02,81.26569022666702,71.69505965461342
B14R3,1.75,2.5000000000000004,97.93687798968394,78.7897683364081
B14R4,2.529999999999997,3.1300000000000003,78.31400167043277,70.35344691681026
B14R5,3.2400000000000007,3.400000000000001,67.59410659048159,65.45791952580721
B14R6,1.7899999999999998,2.480000000000015,96.14625244938793,79.11108700795295
B14R7,3.2200000000000015,3.2200000000000015,69.30246088141651,69.30246088141651
B14R8,1.74,3.2200000000000015,97.96870463516547,69.30246088141651
B15L1,3.2600000000000016,3.15,67.7519122227926,69.97010621488656
B15L2,2.9199999999999995,1.75,72.91920684067088,96.83501939690875
B15L3,3.2400000000000126,3.7,67.99534303947361,54.73594914052305
B15L4,3.03,2.4300000000000006,71.53341464630975,79.89986949478443
B15L5,3.0900000000000283,3.2400000000000126,70.74825409990856,67.99534303947361
B15L6,3.3000000000000025,1.7699999999999998,67.81747258741485,97.37175994946976
B15L7,1.8299999999999998,1.74,94.71508838982798,97.96870463516547
B15L8,3.27,3.1799999999742785,66.66732040398628,69.74655266092758
B15R1,1.77,2.9899999999999993,96.78539546647139,72.05491275077262
B15R2,3.209999999999757,3.2600000000000016,67.60486835724907,67.7519122227926
B15R3,3.25,3.25,68.22162291037226,68.22162291037226
B15R4,3.0900000000000283,3.27,70.74825409990856,66.66732040398628
B15R5,3.03,3.25,71.53341464630975,68.22162291037226
B15R6,1.7899999999999998,1.81,96.14625244938793,95.8748204483924
B15R7,3.25,3.3000000000097947,68.22162291037226,67.44303788811109
B15R8,3.19,3.16,69.08204078566787,69.84073116587685
B16L1,1.7300000000000002,3.16,97.7700238334445,69.84073116587685
B16L2,3.1599999999999997,1.75,70.07018630242422,96.83501939690875
B16L3,2.01,3.4599999999999995,90.1826216302873,61.141317629472105
B16L4,2.5,3.2400000000000126,78.792057073657,67.99534303947361
B16L5,3.289999999999999,1.8299999999999998,68.13512170581375,94.32351566615597
B16L6,3.310000141193014,3.2600000000000016,67.19212096326802,67.7519122227926
B16L7,1.75,1.96,97.93687798968394,90.45027015692106
B16L8,2.4000000000000004,2.4300000000000015,80.39860414416525,79.91564766114065
B16R1,3.1799999999999997,1.75,69.35436078096502,96.83501939690875
B16R2,2.6828175538650796,2.6828175538650796,75.0,75.0
B16R3,1.81,1.68,95.8748204483924,100.45740439836791
B16R4,1.71,1.68,99.29508583041603,100.45740439836791
B16R5,3.27,3.27,66.66732040398628,66.66732040398628
B16R6,3.2099999999999995,3.1200000000000006,68.37476174248951,70.36876554941088
B16R7,3.27,3.3100000000000125,66.66732040398628,66.6210185838169
B16R8,2.400000000000003,3.19,80.40070272144557,69.08204078566787
B17L1,1.75,3.7,96.83501939690875,54.73594914052305
B17L2,3.27,1.6999999999999997,66.66732040398628,101.106504622535
B17L3,3.03,3.4599999999999995,71.53341464630975,61.141317629472105
B17L4,3.1,2.5,70.752888773442,78.792057073657
B17L5,3.08,3.6000000000000005,70.92620638880226,60.43712854708486
B17L6,2.4000000000000004,2.4300000000000015,80.39860414416525,79.91564766114065
B17L7,3.3000000000097947,3.32,67.44303788811109,66.69622311711481
B17L8,3.25,3.3100000000000125,68.22162291037226,66.6210185838169
B17R1,1.68,2.450000000000002,99.6525631876629,79.59764615112702
B17R2,3.1599999999999997,3.1599999999999997,70.07018630242422,70.07018630242422
B17R3,2.4000000000000004,2.4300000000000015,80.39860414416525,79.91564766114065
B17R4,3.1799999999742785,3.1799999999742785,69.74655266092758,69.74655266092758
B17R5,3.289999999999999,2.9899999999999993,68.13512170581375,72.05491275077262
B17R6,1.7300000000000002,3.16,97.7700238334445,69.84073116587685
B17R7,3.390000000000002,3.209999999999757,67.570380167343,67.60486835724907
B17R8,2.400000000000003,3.16,80.40070272144557,69.84073116587685
B18L1,3.25,3.2600000000000016,68.09926754352253,67.7519122227926
B18L2,2.5,3.2400000000000007,78.792057073657,66.94333085452014
B18L3,3.400000000000001,3.3100000000000125,65.45791952580721,66.6210185838169
B18L4,1.67,3.27,100.31451566000446,66.66732040398628
B18L5,3.0200000000000027,1.8299999999999998,71.68679046426837,94.32351566615597
B18L6,3.2099999999999995,3.11,68.37476174248951,70.2908110941323
B18L7,1.83,1.8299999999999998,94.71351328593303,94.71508838982798
B18L8,3.32,3.21,66.69622311711481,68.07622572204467
B18R1,3.400000000000001,3.400000000000001,65.45791952580721,65.45791952580721
B18R2,3.0200000000000027,3.7,71.68679046426837,54.73594914052305
B18R3,3.310000141193014,3.32,67.19212096326802,67.66559710105976
B18R4,3.1400000000000006,3.15,70.26040277030548,69.97010621488656
B18R5,3.2400000000000007,3.1799999999742785,67.59410659048159,69.74655266092758
B18R6,1.68,3.1200000000000006,99.6525631876629,70.36876554941088
B18R7,3.1599999999999997,3.209999999999757,70.07018630242422,67.60486835724907
B18R8,2.4300000000000015,1.81,79.91564766114065,95.8748204483924
B19L1,1.75,1.9499999999999997,97.93687798968394,91.06495839468394
B19L2,3.2799999999999474,1.8499999999999999,68.32892020652831,94.10394295985523
B19L3,3.6000000000000005,2.9899999999999993,60.43712854708486,72.05491275077262
B19L4,3.03,2.4300000000000015,71.53341464630975,79.91564766114065
B19L5,2.01,3.2400000000000126,90.1826216302873,67.99534303947361
B19L6,3.2099999999999995,3.1200000000000006,68.37476174248951,70.36876554941088
B19L7,1.75,1.6999999999999997,97.93687798968394,101.106504622535
B19L8,3.32,3.03,67.66559710105976,71.53341464630975
B19R1,3.400000000000001,1.83,65.45791952580721,94.71351328593303
B19R2,3.1599999999999997,3.02,70.07018630242422,71.69505965461342
B19R3,3.08,3.1400000000000006,70.92620638880226,70.26040277030548
B19R4,1.7400000000000002,1.9499999999999997,97.96677628651337,91.06495839468394
B19R5,1.74,2.4799999999999818,97.96870463516547,79.08549669352671
B19R6,1.7899999999999998,1.8,96.14625244938793,95.65008800371686
B19R7,3.0100000000000118,3.209999999999757,71.77217049437834,67.60486835724907
B19R8,3.2799999999999474,2.9899999999999998,68.32892020652831,71.7970833568226
B20L1,3.3100000000000125,3.310000141193014,66.6210185838169,67.19212096326802
B20L2,1.75,3.2400000000000007,96.83501939690875,66.94333085452014
B20L3,3.2400000000000007,3.3100000000000125,66.94333085452014,66.6210185838169
B20L4,3.03,3.1400000000000006,71.53341464630975,70.26040277030548
B20L5,3.03,3.6000000000000005,71.53341464630975,60.43712854708486
B20L6,3.1400000000000006,3.2600000000000016,70.26040277030548,67.7519122227926
B20L7,1.8,3.1799999999742785,95.65008800371686,69.74655266092758
B20L8,3.32,3.0800000000000005,67.66559710105976,70.76365748864274
B20R1,2.4800000000000004,2.45000000000002,79.10202191429511,79.61488134911514
B20R2,1.7499999999999998,3.32,99.6289270513348,67.66559710105976
B20R3,3.08,2.4300000000000015,70.92620638880226,79.91564766114065
B20R4,2.45,2.9899999999999993,79.59538110746324,72.05491275077262
B20R5,3.11,1.8299999999999998,70.2908110941323,94.32351566615597
B20R6,1.7899999999999998,2.480000000000015,96.14625244938793,79.11108700795295
B20R7,3.32,3.3000000000097947,66.69622311711481,67.44303788811109
B20R8,1.75,2.4300000000000006,97.93687798968394,79.89986949478443
B21L1,3.3100000000000125,3.32,66.6210185838169,66.69622311711481
B21L2,2.5,3.2400000000000007,78.792057073657,66.94333085452014
B21L3,1.8100000000000003,3.1200000000000006,95.95614563437317,70.36876554941088
B21L4,3.4599999999999995,3.210000000000001,61.141317629472105,68.73171710454288
B21L5,3.0200000000000027,1.8299999999999998,71.68679046426837,94.32351566615597
B21L6,3.27,3.25,66.66732040398628,68.22162291037226
B21L7,1.8299999999999998,1.75,94.71508838982798,96.83501939690875
B21L8,3.2799999999999474,3.2799999999999474,68.32892020652831,68.32892020652831
B21R1,3.1599999999999997,1.92,70.07018630242422,92.00434744749462
B21R2,1.8100000000000003,3.1300000000000003,95.95614563437317,70.35344691681026
B21R3,3.0800000000000005,3.1799999999999997,70.76365748864274,69.35436078096502
B21R4,3.289999999999999,3.02,68.13512170581375,71.69505965461342
B21R5,3.3000000000000025,3.25,67.81747258741485,68.22162291037226
B21R6,3.2099999999999995,3.16,68.37476174248951,69.84073116587685
B21R7,3.27,3.08,66.66732040398628,70.92620638880226
B21R8,1.82,2.480000000000015,94.98000661467277,79.11108700795295
B22L1,3.2799999999999474,2.9899999999999998,68.32892020652831,71.7970833568226
B22L2,2.45,2.45,79.59538110746324,79.59538110746324
B22L3,3.2400000000000007,3.2400000000000007,66.94333085452014,67.59410659048159
B22L4,3.0800000000000005,3.1200000000000006,70.76365748864274,70.36876554941088
B22L5,3.1400000000000006,3.1300000000000003,70.26040277030548,70.35344691681026
B22L6,1.7699999999999998,2.4300000000000006,97.37175994946976,79.89986949478443
B22L7,3.3000000000000025,2.480000000000015,67.81747258741485,79.11108700795295
B22L8,2.400000000000003,2.4300000000000015,80.40070272144557,79.91564766114065
B22R1,1.77,1.68,96.78539546647139,100.45740439836791
B22R2,3.209999999999757,3.3000000000000025,67.60486835724907,67.81747258741485
B22R3,2.4000000000000004,3.1599999999999997,80.39860414416525,70.07018630242422
B22R4,1.92,1.74,92.00434744749462,97.96870463516547
B22R5,1.8299999999999998,3.16,94.71508838982798,69.84073116587685
B22R6,3.2099999999999995,3.16,68.37476174248951,69.84073116587685
B22R7,3.1799999999742785,3.2200000000000015,69.74655266092758,69.30246088141651
B22R8,1.75,2.480000000000015,97.93687798968394,79.11108700795295
B23L1,2.9899999999999998,2.9899999999999998,71.7970833568226,71.7970833568226
B23L2,3.2099999999999995,1.75,68.37476174248951,96.83501939690875
B23L3,3.400000000000001,3.7,65.45791952580721,54.73594914052305
B23L4,2.560000000000002,2.5000000000000004,77.8634517336402,78.7897683364081
B23L5,2.5,2.4300000000000015,78.792057073657,79.91564766114065
B23L6,3.3000000000000025,1.8100000000000003,67.81747258741485,95.95614563437317
B23L7,1.67,2.450000000000002,100.31451566000446,79.59764615112702
B23L8,3.2400000000000007,1.74,67.59410659048159,97.96870463516547
B23R1,3.400000000000001,3.21,65.45791952580721,68.07622572204467
B23R2,3.0100000000000118,3.7,71.77217049437834,54.73594914052305
B23R3,2.6828175538650796,2.6828175538650796,75.0,75.0
B23R4,3.2400000000000007,3.210000000000001,67.59410659048159,68.73171710454288
B23R5,1.8299999999999998,3.16,94.71508838982798,69.84073116587685
B23R6,3.2099999999999995,1.81,68.37476174248951,95.8748204483924
B23R7,3.320000000000004,3.0200000000000027,66.96853432549321,71.68679046426837
B23R8,2.01,1.75,90.1826216302873,97.93687798968394
B24L1,2.4300000000000015,2.480000000000015,79.91564766114065,79.11108700795295
B24L2,2.5,2.45,78.792057073657,79.59538110746324
B24L3,3.0900000000000283,3.0800000000000005,70.74825409990856,70.76365748864274
B24L4,2.4000000000000004,2.5000000000000004,80.39860414416525,78.7897683364081
B24L5,3.1599999999999997,3.1599999999999997,70.07018630242422,70.07018630242422
B24L6,1.8299999999999998,2.4300000000000015,94.71508838982798,79.91564766114065
B24L7,3.310000141193014,3.0900000000000003,67.19212096326802,70.87720413274648
B24L8,3.2400000000000007,2.4799999999999818,67.59410659048159,79.08549669352671
B24R1,1.67,1.7699999999999998,100.31451566000446,97.37175994946976
B24R2,1.8100000000000003,3.4599999999999995,95.95614563437317,61.141317629472105
B24R3,2.9799999999999986,3.7,71.9167377486337,54.73594914052305
B24R4,3.4599999999999995,3.210000000000001,61.141317629472105,68.73171710454288
B24R5,3.2400000000000007,3.2400000000000007,67.59410659048159,66.94333085452014
B24R6,3.27,3.2400000000000007,66.66732040398628,67.59410659048159
B24R7,3.0100000000000118,3.16,71.77217049437834,69.84073116587685
B24R8,1.67,1.92,100.31451566000446,92.00434744749462
B25L1,2.9799999999999986,3.2200000000000015,71.9167377486337,69.30246088141651
B25L2,3.2799999999999474,1.75,68.32892020652831,96.83501939690875
B25L3,1.7499999999999998,2.5000000000000004,99.6289270513348,78.7897683364081
B25L4,2.450000000000002,2.4799999999999818,79.59764615112702,79.08549669352671
B25L5,3.08,3.27,70.92620638880226,66.66732040398628
B25L6,3.08,1.96,70.92620638880226,90.45027015692106
B25L7,2.4299999999999997,2.450000000000002,79.9134887858741,79.59764615112702
B25L8,3.11,3.0900000000000003,70.2908110941323,70.87720413274648
B25R1,3.320000000000004,3.02,66.96853432549321,71.69505965461342
B25R2,3.1599999999999997,3.1599999999999997,70.07018630242422,70.07018630242422
B25R3,3.1799999999999997,2.5,69.35436078096502,78.792057073657
B25R4,3.289999999999999,2.450000000000002,68.13512170581375,79.59764615112702
B25R5,3.310000141193014,2.9899999999999993,67.19212096326802,72.05491275077262
B25R6,3.6000000000000005,2.9899999999999993,60.43712854708486,72.05491275077262
B25R7,3.08,3.08,70.92620638880226,70.92620638880226
B25R8,1.82,3.15,94.98000661467277,69.97010621488656
B26L1,1.68,2.480000000000015,99.6525631876629,79.11108700795295
B26L2,1.77,1.75,96.78539546647139,96.83501939690875
B26L3,3.209999999999757,2.9799999999999986,67.60486835724907,71.9167377486337
B26L4,3.1600000000000006,3.32,69.74295839809092,67.66559710105976
B26L5,3.0900000000000283,3.210000000000001,70.74825409990856,68.73171710454288
B26L6,3.2099999999999995,1.81,68.37476174248951,95.8748204483924
B26L7,2.01,1.81,90.1826216302873,95.8748204483924
B26L8,2.4000000000000004,2.4300000000000015,80.39860414416525,79.91564766114065
B26R1,1.6999999999999997,1.83,101.106504622535,94.71351328593303
B26R2,3.400000000000001,1.96,65.45791952580721,90.45027015692106
B26R3,1.96,3.2799999999999994,90.45027015692106,67.87449965452625
B26R4,2.45,1.92,79.59538110746324,92.00434744749462
B26R5,1.82,3.19,94.98000661467277,69.08204078566787
B26R6,3.2099999999999995,1.83,68.37476174248951,94.71351328593303
B26R7,1.8299999999999998,2.4799999999999818,94.71508838982798,79.08549669352671
B26R8,1.68,2.4300000000000006,99.6525631876629,79.89986949478443
B27L1,1.75,1.75,97.93687798968394,97.93687798968394
B27L2,1.75,1.68,96.83501939690875,100.45740439836791
B27L3,3.2400000000000007,3.3100000000000125,66.94333085452014,66.6210185838169
B27L4,3.0800000000000005,3.03,70.76365748864274,71.53341464630975
B27L5,3.2400000000000126,3.2400000000000126,67.99534303947361,67.99534303947361
B27L6,2.400000000000003,3.0800000000000005,80.40070272144557,70.76365748864274
B27L7,1.7899999999999998,1.81,96.14625244938793,95.8748204483924
B27L8,3.32,3.0800000000000005,66.69622311711481,70.76365748864274
B27R1,1.77,3.02,96.78539546647139,71.69505965461342
B27R2,3.3000000000000025,3.3000000000000025,67.81747258741485,67.81747258741485
B27R3,3.0900000000000003,3.310000141193014,70.87720413274648,67.19212096326802
B27R4,1.77,1.8499999999999999,96.78539546647139,94.10394295985523
B27R5,2.4000000000000004,1.8299999999999998,80.39860414416525,94.32351566615597
B27R6,1.7899999999999998,2.9899999999999993,96.14625244938793,72.05491275077262
B27R7,3.0100000000000118,3.209999999999757,71.77217049437834,67.60486835724907
B27R8,3.1400000000000006,3.15,70.26040277030548,69.97010621488656
B28L1,1.74,3.2200000000000015,97.96870463516547,69.30246088141651
B28L2,3.2799999999999474,2.45,68.32892020652831,79.59538110746324
B28L3,1.7499999999999998,3.0800000000000005,99.6289270513348,70.76365748864274
B28L4,2.450000000000002,2.4000000000000004,79.59764615112702,80.39860414416525
B28L5,2.529999999999997,3.19,78.31400167043277,69.08204078566787
B28L6,3.0800000000000005,3.25,70.76365748864274,68.22162291037226
B28L7,2.4299999999999997,1.67,79.9134887858741,100.31451566000446
B28L8,3.2400000000000007,3.289999999999999,66.94333085452014,68.13512170581375
B28R1,1.83,3.2799999999999474,94.71351328593303,68.32892020652831
B28R2,3.2400000000000126,3.7,67.99534303947361,54.73594914052305
B28R3,3.1799999999999997,2.45,69.35436078096502,79.59538110746324
B28R4,3.2200000000000015,3.08,69.30246088141651,70.92620638880226
B28R5,3.11,3.1799999999742785,70.2908110941323,69.74655266092758
B28R6,1.7300000000000002,3.15,97.7700238334445,69.97010621488656
B28R7,3.3000000000097947,3.32,67.44303788811109,66.69622311711481
B28R8,2.4300000000000015,2.480000000000015,79.91564766114065,79.11108700795295
B29L1,3.25,3.310000141193014,68.09926754352253,67.19212096326802
B29L2,1.77,3.2799999999999994,96.78539546647139,67.87449965452625
B29L3,1.7499999999999998,3.1200000000000006,99.6289270513348,70.36876554941088
B29L4,1.77,1.9499999999999997,96.78539546647139,91.06495839468394
B29L5,3.0200000000000027,1.8299999999999998,71.68679046426837,94.32351566615597
B29L6,3.3000000000000025,1.8100000000000003,67.81747258741485,95.95614563437317
B29L7,1.67,1.7699999999999998,100.31451566000446,97.37175994946976
B29L8,3.320000000000004,3.0200000000000027,66.96853432549321,71.68679046426837
B29R1,3.1599999999999997,3.21,70.07018630242422,68.07622572204467
B29R2,1.8299999999999998,3.7,94.32351566615597,54.73594914052305
B29R3,2.6828175538650796,2.6828175538650796,75.0,75.0
B29R4,1.71,2.5,99.29508583041603,78.792057073657
B29R5,3.2400000000000007,3.15,66.94333085452014,69.97010621488656
B29R6,2.4299999999999997,2.45000000000002,79.9134887858741,79.61488134911514
B29R7,3.320000000000004,3.390000000000002,66.96853432549321,67.570380167343
B29R8,3.1400000000000006,3.15,70.26040277030548,69.97010621488656
B30L1,1.75,2.9899999999999998,96.83501939690875,71.7970833568226
B30L2,2.5,1.83,78.792057073657,94.71351328593303
B30L3,3.1600000000000006,3.3000000000000025,69.74295839809092,67.81747258741485
B30L4,3.25,3.03,68.22162291037226,71.53341464630975
B30L5,3.0200000000000027,3.02,71.68679046426837,71.69505965461342
B30L6,2.4000000000000004,1.8299999999999998,80.39860414416525,94.32351566615597
B30L7,1.67,2.450000000000002,100.31451566000446,79.59764615112702
B30L8,2.4000000000000004,2.4300000000000015,80.39860414416525,79.91564766114065
B30R1,3.1599999999999997,3.02,70.07018630242422,71.69505965461342
B30R2,3.209999999999757,3.2600000000000016,67.60486835724907,67.7519122227926
B30R3,3.1599999999999997,3.1799999999999997,70.07018630242422,69.35436078096502
B30R4,3.1600000000000006,3.32,69.74295839809092,67.66559710105976
B30R5,3.7,2.01,54.73594914052305,90.1826216302873
B30R6,3.310000141193014,3.2600000000000016,67.19212096326802,67.7519122227926
B30R7,3.2799999999999474,3.2799999999999474,68.32892020652831,68.32892020652831
B30R8,2.4300000000000006,2.480000000000015,79.89986949478443,79.11108700795295
B31L1,3.3100000000000125,3.32,66.6210185838169,67.66559710105976
B31L2,3.210000000000001,3.21,68.73171710454288,68.07622572204467
B31L3,3.6000000000000005,2.9899999999999993,60.43712854708486,72.05491275077262
B31L4,2.4800000000000004,2.4300000000000015,79.10202191429511,79.91564766114065
B31L5,3.11,2.450000000000002,70.2908110941323,79.59764615112702
B31L6,2.6828175538650796,2.6828175538650796,75.0,75.0
B31L7,2.4800000000000004,1.7699999999999998,79.10202191429511,97.37175994946976
B31L8,3.3000000000097947,3.03,67.44303788811109,71.53341464630975
B31R1,1.6999999999999997,1.92,101.106504622535,92.00434744749462
B31R2,3.25,3.21,68.09926754352253,68.07622572204467
B31R3,3.1799999999999997,3.1799999999999997,69.35436078096502,69.35436078096502
B31R4,3.1599999999999997,3.1599999999999997,70.07018630242422,70.07018630242422
B31R5,1.7899999999999998,1.7699999999999998,96.14625244938793,97.37175994946976
B31R6,3.2099999999999995,3.16,68.37476174248951,69.84073116587685
B31R7,3.2200000000000015,3.2200000000000015,69.30246088141651,69.30246088141651
B31R8,2.01,3.2200000000000015,90.1826216302873,69.30246088141651
B32L1,2.4300000000000015,1.75,79.91564766114065,97.93687798968394
B32L2,3.2799999999999474,2.45,68.32892020652831,79.59538110746324
B32L3,1.7499999999999998,3.1300000000000003,99.6289270513348,70.35344691681026
B32L4,1.8,3.32,95.65008800371686,67.66559710105976
B32L5,2.529999999999997,3.16,78.31400167043277,69.84073116587685
B32L6,3.03,3.25,71.53341464630975,68.22162291037226
B32L7,2.01,1.7499999999999998,90.1826216302873,99.6289270513348
B32L8,3.2400000000000007,3.0800000000000005,66.94333085452014,70.76365748864274
B32R1,3.27,3.2799999999999994,66.66732040398628,67.87449965452625
B32R2,3.2400000000000126,3.4599999999999995,67.99534303947361,61.141317629472105
B32R3,3.3000000000000025,3.3000000000000025,67.81747258741485,67.81747258741485
B32R4,3.1799999999742785,3.08,69.74655266092758,70.92620638880226
B32R5,1.7699999999999998,2.4799999999999818,97.37175994946976,79.08549669352671
B32R6,3.1799999999999997,3.1799999999999997,69.35436078096502,69.35436078096502
B32R7,3.3000000000097947,3.289999999999999,67.44303788811109,68.13512170581375
B32R8,2.4300000000000015,2.480000000000015,79.91564766114065,79.11108700795295
B33L1,3.25,3.2600000000000016,68.09926754352253,67.7519122227926
B33L2,3.2799999999999474,3.2799999999999474,68.32892020652831,68.32892020652831
B33L3,1.7499999999999998,3.0800000000000005,99.6289270513348,70.76365748864274
B33L4,1.7499999999999998,3.1200000000000006,99.6289270513348,70.36876554941088
B33L5,2.01,3.08,90.1826216302873,70.92620638880226
B33L6,1.8100000000000003,2.9899999999999993,95.95614563437317,72.05491275077262
B33L7,1.67,1.7699999999999998,100.31451566000446,97.37175994946976
B33L8,3.32,3.289999999999999,66.69622311711481,68.13512170581375
B33R1,2.5,3.6000000000000005,78.792057073657,60.43712854708486
B33R2,3.2400000000000007,3.3000000000000025,67.59410659048159,67.81747258741485
B33R3,3.1600000000000006,1.9499999999999997,69.74295839809092,91.06495839468394
B33R4,1.71,1.92,99.29508583041603,92.00434744749462
B33R5,1.8100000000000003,3.0900000000000003,95.95614563437317,70.87720413274648
B33R6,3.2099999999999995,3.16,68.37476174248951,69.84073116587685
B33R7,3.11,3.32,70.2908110941323,66.69622311711481
B33R8,3.289999999999999,3.15,68.13512170581375,69.97010621488656
B34L1,2.9799999999999986,1.75,71.9167377486337,97.93687798968394
B34L2,1.6999999999999997,1.6999999999999997,101.106504622535,101.106504622535
B34L3,3.6000000000000005,3.2400000000000007,60.43712854708486,67.59410659048159
B34L4,3.1600000000000006,3.32,69.74295839809092,67.66559710105976
B34L5,1.71,1.68,99.29508583041603,100.45740439836791
B34L6,1.8299999999999998,1.7699999999999998,94.71508838982798,97.37175994946976
B34L7,1.8299999999999998,3.3000000000000025,94.71508838982798,67.81747258741485
B34L8,3.2200000000000015,3.2200000000000015,69.30246088141651,69.30246088141651
B34R1,3.1599999999999997,2.9799999999999986,70.07018630242422,71.9167377486337
B34R2,3.6000000000000005,3.3100000000000125,60.43712854708486,66.6210185838169
B34R3,3.0800000000000005,3.1200000000000006,70.76365748864274,70.36876554941088
B34R4,3.1400000000000006,1.8299999999999998,70.26040277030548,94.32351566615597
B34R5,1.7699999999999998,1.8,97.37175994946976,95.65008800371686
B34R6,2.4800000000000004,1.67,79.10202191429511,100.31451566000446
B34R7,3.320000000000004,3.0900000000000003,66.96853432549321,70.87720413274648
B34R8,3.3000000000097947,3.2200000000000015,67.44303788811109,69.30246088141651
B8L1,2.4300000000000015,2.4300000000000006,79.91564766114065,79.89986949478443
B8L2,3.25,1.75,68.09926754352253,96.83501939690875
B8L3,1.7499999999999998,3.1300000000000003,99.6289270513348,70.35344691681026
B8L4,1.71,1.68,99.29508583041603,100.45740439836791
B8L5,3.1,2.450000000000002,70.752888773442,79.59764615112702
B8L6,3.27,1.8299999999999998,66.66732040398628,94.32351566615597
B8L7,3.2799999999999994,3.2400000000000007,67.87449965452625,67.59410659048159
B8L8,3.3000000000097947,3.3000000000097947,67.44303788811109,67.44303788811109
B8R1,1.67,1.8499999999999999,100.31451566000446,94.10394295985523
B8R2,3.320000000000004,2.9899999999999993,66.96853432549321,72.05491275077262
B8R3,3.2400000000000126,3.08,67.99534303947361,70.92620638880226
B8R4,3.19,3.27,69.08204078566787,66.66732040398628
B8R5,1.8100000000000003,3.400000000000001,95.95614563437317,65.45791952580721
B8R6,1.7899999999999998,1.7699999999999998,96.14625244938793,97.37175994946976
B8R7,3.390000000000002,3.209999999999757,67.570380167343,67.60486835724907
B8R8,3.0200000000000027,3.1,71.68679046426837,70.752888773442
B9L1,3.25,3.7,68.09926754352253,54.73594914052305
B9L2,3.400000000000001,1.92,65.45791952580721,92.00434744749462
B9L3,1.8100000000000003,3.4599999999999995,95.95614563437317,61.141317629472105
B9L4,1.74,3.2400000000000126,97.96870463516547,67.99534303947361
B9L5,3.0200000000000027,3.02,71.68679046426837,71.69505965461342
B9L6,1.74,1.8299999999999998,97.96870463516547,94.32351566615597
B9L7,1.75,1.8499999999999999,97.93687798968394,94.10394295985523
B9L8,3.11,3.21,70.2908110941323,68.07622572204467
B9R1,1.67,1.7699999999999998,100.31451566000446,97.37175994946976
B9R2,3.209999999999757,3.2600000000000016,67.60486835724907,67.7519122227926
B9R3,2.4000000000000004,2.450000000000002,80.39860414416525,79.59764615112702
B9R4,3.2400000000000007,3.210000000000001,67.59410659048159,68.73171710454288
B9R5,3.2400000000000007,3.2400000000000007,67.59410659048159,66.94333085452014
B9R6,1.7300000000000002,3.16,97.7700238334445,69.84073116587685
B9R7,3.3000000000097947,3.289999999999999,67.44303788811109,68.13512170581375
B9R8,3.2099999999999995,2.5,68.37476174248951,78.792057073657
C12L1,2.400000000000003,3.16,80.40070272144557,69.84073116587685
C12L2,3.25,3.02,68.09926754352253,71.69505965461342
C12L3,2.01,3.4599999999999995,90.1826216302873,61.141317629472105
C12L4,3.1,1.68,70.752888773442,100.45740439836791
C12L5,3.2099999999999995,2.45000000000002,68.37476174248951,79.61488134911514
C12L6,1.74,2.4799999999999818,97.96870463516547,79.08549669352671
C12L7,3.2799999999999994,3.2400000000000007,67.87449965452625,67.59410659048159
C12L8,3.2400000000000007,2.4300000000000015,67.59410659048159,79.91564766114065
C12R1,2.4299999999999997,2.450000000000002,79.9134887858741,79.59764615112702
C12R2,3.209999999999757,3.7,67.60486835724907,54.73594914052305
C12R3,3.1600000000000006,1.9499999999999997,69.74295839809092,91.06495839468394
C12R4,2.529999999999997,3.15,78.31400167043277,69.97010621488656
C12R5,3.289999999999999,1.93,68.13512170581375,91.38914903100921
C12R6,3.310000141193014,3.15,67.19212096326802,69.97010621488656
C12R7,2.529999999999997,2.4300000000000006,78.31400167043277,79.89986949478443
C12R8,3.2799999999999474,3.310000141193014,68.32892020652831,67.19212096326802
C13L1,1.75,2.9899999999999998,96.83501939690875,71.7970833568226
C13L2,1.68,3.6000000000000005,99.6525631876629,60.43712854708486
C13L3,1.7499999999999998,3.1200000000000006,99.6289270513348,70.36876554941088
C13L4,3.2099999999999995,2.5,68.37476174248951,78.792057073657
C13L5,2.529999999999997,3.2600000000000016,78.31400167043277,67.7519122227926
C13L6,3.03,3.1300000000000003,71.53341464630975,70.35344691681026
C13L7,1.7899999999999998,1.81,96.14625244938793,95.8748204483924
C13L8,1.8299999999999998,2.4300000000000015,94.71508838982798,79.91564766114065
C13R1,2.4299999999999997,2.45000000000002,79.9134887858741,79.61488134911514
C13R2,3.400000000000001,1.96,65.45791952580721,90.45027015692106
C13R3,1.8499999999999999,1.9499999999999997,94.10394295985523,91.06495839468394
C13R4,3.0200000000000027,3.15,71.68679046426837,69.97010621488656
C13R5,1.7300000000000002,1.68,97.7700238334445,99.6525631876629
C13R6,3.2799999999999994,3.2600000000000016,67.87449965452625,67.7519122227926
C13R7,2.4300000000000015,2.4799999999999818,79.91564766114065,79.08549669352671
C13R8,2.400000000000003,3.3100000000000125,80.40070272144557,66.6210185838169
C14L1,2.4300000000000015,2.480000000000015,79.91564766114065,79.11108700795295
C14L2,1.68,2.45,99.6525631876629,79.59538110746324
C14L3,2.4000000000000004,1.83,80.39860414416525,94.71351328593303
C14L4,1.75,3.32,97.93687798968394,67.66559710105976
C14L5,3.2400000000000007,3.15,67.59410659048159,69.97010621488656
C14L6,3.3000000000000025,3.2400000000000007,67.81747258741485,66.94333085452014
C14L7,1.7300000000000002,1.75,97.7700238334445,96.83501939690875
C14L8,3.32,3.3000000000097947,66.69622311711481,67.44303788811109
C14R1,2.4299999999999997,2.4299999999999997,79.9134887858741,79.9134887858741
C14R2,3.1599999999999997,3.7,70.07018630242422,54.73594914052305
C14R3,2.4299999999999997,2.4300000000000015,79.9134887858741,79.91564766114065
C14R4,2.560000000000002,2.5000000000000004,77.8634517336402,78.7897683364081
C14R5,3.2799999999999994,1.93,67.87449965452625,91.38914903100921
C14R6,3.2099999999999995,1.83,68.37476174248951,94.71351328593303
C14R7,1.74,2.01,97.96870463516547,90.1826216302873
C14R8,2.529999999999997,3.16,78.31400167043277,69.84073116587685
C15L1,1.68,3.19,99.6525631876629,69.08204078566787
C15L2,3.1599999999999997,3.02,70.07018630242422,71.69505965461342
C15L3,3.1599999999999997,3.1599999999999997,70.07018630242422,70.07018630242422
C15L4,1.8,3.32,95.65008800371686,67.66559710105976
C15L5,3.0900000000000283,1.74,70.74825409990856,97.96870463516547
C15L6,3.2400000000000007,3.1400000000000006,66.94333085452014,70.26040277030548
C15L7,1.7699999999999998,3.3000000000000025,97.37175994946976,67.81747258741485
C15L8,3.27,3.3100000000000125,66.66732040398628,66.6210185838169
C15R1,2.5000000000000004,2.450000000000002,78.7897683364081,79.59764615112702
C15R2,3.2600000000000016,3.2600000000000016,67.7519122227926,67.7519122227926
C15R3,2.4299999999999997,1.8499999999999999,79.9134887858741,94.10394295985523
C15R4,1.92,3.7,92.00434744749462,54.73594914052305
C15R5,1.8299999999999998,2.4799999999999818,94.71508838982798,79.08549669352671
C15R6,3.2099999999999995,1.83,68.37476174248951,94.71351328593303
C15R7,3.25,3.390000000000002,68.09926754352253,67.570380167343
C15R8,1.92,1.74,92.00434744749462,97.96870463516547
C16L1,1.68,3.19,99.6525631876629,69.08204078566787
C16L2,3.19,2.400000000000002,69.08204078566787,80.42197475066784
C16L3,1.7499999999999998,1.83,99.6289270513348,94.71351328593303
C16L4,2.4299999999999997,1.8499999999999999,79.9134887858741,94.10394295985523
C16L5,3.0200000000000027,2.5,71.68679046426837,78.792057073657
C16L6,1.7699999999999998,2.4300000000000015,97.37175994946976,79.91564766114065
C16L7,1.7699999999999998,2.480000000000015,97.37175994946976,79.11108700795295
C16L8,2.9799999999999986,3.3100000000000125,71.9167377486337,66.6210185838169
C16R1,2.4800000000000004,2.45000000000002,79.10202191429511,79.61488134911514
C16R2,3.2400000000000126,3.3000000000000025,67.99534303947361,67.81747258741485
C16R3,3.310000141193014,3.32,67.19212096326802,67.66559710105976
C16R4,3.289999999999999,3.1,68.13512170581375,70.752888773442
C16R5,3.2400000000000007,3.1799999999742785,67.59410659048159,69.74655266092758
C16R6,3.1400000000000006,1.7499999999999998,70.26040277030548,99.6289270513348
C16R7,3.390000000000002,3.209999999999757,67.570380167343,67.60486835724907
C16R8,3.2799999999999474,2.9899999999999998,68.32892020652831,71.7970833568226
C17L1,3.2799999999999474,2.9899999999999998,68.32892020652831,71.7970833568226
C17L2,3.2099999999999995,3.2400000000000007,68.37476174248951,66.94333085452014
C17L3,3.0900000000000283,3.0800000000000005,70.74825409990856,70.76365748864274
C17L4,3.2400000000000126,3.210000000000001,67.99534303947361,68.73171710454288
C17L5,3.11,2.45000000000002,70.2908110941323,79.61488134911514
C17L6,3.2400000000000007,3.03,67.59410659048159,71.53341464630975
C17L7,1.7899999999999998,1.81,96.14625244938793,95.8748204483924
C17L8,3.25,3.21,68.22162291037226,68.07622572204467
C17R1,2.4299999999999997,2.45000000000002,79.9134887858741,79.61488134911514
C17R2,1.7499999999999998,1.96,99.6289270513348,90.45027015692106
C17R3,3.4599999999999995,3.32,61.141317629472105,67.66559710105976
C17R4,2.6828175538650796,2.6828175538650796,75.0,75.0
C17R5,1.8100000000000003,2.9899999999999993,95.95614563437317,72.05491275077262
C17R6,3.2099999999999995,1.83,68.37476174248951,94.71351328593303
C17R7,3.11,3.390000000000002,70.2908110941323,67.570380167343
C17R8,3.25,1.75,68.09926754352253,97.93687798968394
C18L1,1.74,2.9899999999999998,97.96870463516547,71.7970833568226
C18L2,1.6999999999999997,1.68,101.106504622535,100.45740439836791
C18L3,1.8100000000000003,1.83,95.95614563437317,94.71351328593303
C18L4,3.1600000000000006,1.93,69.74295839809092,91.38914903100921
C18L5,2.45000000000002,3.7,79.61488134911514,54.73594914052305
C18L6,2.4000000000000004,1.8299999999999998,80.39860414416525,94.32351566615597
C18L7,3.1400000000000006,1.93,70.26040277030548,91.38914903100921
C18L8,3.2400000000000007,3.1799999999742785,67.59410659048159,69.74655266092758
C18R1,1.68,2.450000000000002,99.6525631876629,79.59764615112702
C18R2,3.2400000000000126,3.4599999999999995,67.99534303947361,61.141317629472105
C18R3,2.4299999999999997,1.68,79.9134887858741,100.45740439836791
C18R4,2.4800000000000004,1.8499999999999999,79.10202191429511,94.10394295985523
C18R5,3.32,3.08,67.66559710105976,70.92620638880226
C18R6,1.8299999999999998,1.81,94.71508838982798,95.8748204483924
C18R7,3.11,3.3100000000000125,70.2908110941323,66.6210185838169
C18R8,1.8,1.8499999999999999,95.65008800371686,94.10394295985523
C19L1,1.75,2.9899999999999998,96.83501939690875,71.7970833568226
C19L2,3.27,3.02,66.66732040398628,71.69505965461342
C19L3,3.27,3.400000000000001,66.66732040398628,65.45791952580721
C19L4,1.77,2.4300000000000015,96.78539546647139,79.91564766114065
C19L5,1.81,1.68,95.8748204483924,100.45740439836791
C19L6,3.3000000000000025,3.2400000000000007,67.81747258741485,66.94333085452014
C19L7,1.8,1.8,95.65008800371686,95.65008800371686
C19L8,3.03,3.32,71.53341464630975,66.69622311711481
C19R1,3.400000000000001,1.6999999999999997,65.45791952580721,101.106504622535
C19R2,3.1599999999999997,2.9199999999999995,70.07018630242422,72.91920684067088
C19R3,3.4599999999999995,3.32,61.141317629472105,67.66559710105976
C19R4,3.289999999999999,3.1300000000000003,68.13512170581375,70.35344691681026
C19R5,3.310000141193014,1.7499999999999998,67.19212096326802,99.6289270513348
C19R6,1.8299999999999998,3.16,94.71508838982798,69.84073116587685
C19R7,3.11,3.0900000000000003,70.2908110941323,70.87720413274648
C19R8,1.75,2.9899999999999998,96.83501939690875,71.7970833568226
C20L1,1.74,3.2200000000000015,97.96870463516547,69.30246088141651
C20L2,3.400000000000001,3.400000000000001,65.45791952580721,65.45791952580721
C20L3,2.01,3.1200000000000006,90.1826216302873,70.36876554941088
C20L4,2.4800000000000004,2.4300000000000015,79.10202191429511,79.91564766114065
C20L5,3.2099999999999995,2.5,68.37476174248951,78.792057073657
C20L6,1.82,3.11,94.98000661467277,70.2908110941323
C20L7,1.7899999999999998,3.1400000000000006,96.14625244938793,70.26040277030548
C20L8,1.8299999999999998,3.21,94.71508838982798,68.07622572204467
C20R1,1.7300000000000002,2.45000000000002,97.7700238334445,79.61488134911514
C20R2,3.400000000000001,3.3000000000000025,65.45791952580721,67.81747258741485
C20R3,2.560000000000002,2.5000000000000004,77.8634517336402,78.7897683364081
C20R4,1.8,3.32,95.65008800371686,67.66559710105976
C20R5,3.310000141193014,3.400000000000001,67.19212096326802,65.45791952580721
C20R6,1.7899999999999998,2.480000000000015,96.14625244938793,79.11108700795295
C20R7,3.209999999999757,3.209999999999757,67.60486835724907,67.60486835724907
C20R8,2.4300000000000006,3.19,79.89986949478443,69.08204078566787
C21L1,1.75,2.9899999999999998,96.83501939690875,71.7970833568226
C21L2,3.2799999999999474,3.2400000000000007,68.32892020652831,66.94333085452014
C21L3,1.7400000000000002,3.1200000000000006,97.96677628651337,70.36876554941088
C21L4,3.4599999999999995,3.32,61.141317629472105,67.66559710105976
C21L5,1.75,1.75,97.93687798968394,97.93687798968394
C21L6,3.7,3.03,54.73594914052305,71.53341464630975
C21L7,1.67,2.450000000000002,100.31451566000446,79.59764615112702
C21L8,3.32,3.0800000000000005,66.69622311711481,70.76365748864274
C21R1,2.9899999999999998,1.92,71.7970833568226,92.00434744749462
C21R2,3.0900000000000283,1.96,70.74825409990856,90.45027015692106
C21R3,1.92,3.7,92.00434744749462,54.73594914052305
C21R4,2.400000000000003,3.1300000000000003,80.40070272144557,70.35344691681026
C21R5,3.25,1.8299999999999998,68.09926754352253,94.32351566615597
C21R6,2.4300000000000006,2.4300000000000006,79.89986949478443,79.89986949478443
C21R7,1.74,3.2200000000000015,97.96870463516547,69.30246088141651
C21R8,2.4799999999999818,2.480000000000015,79.08549669352671,79.11108700795295
C22L1,1.75,2.9899999999999998,96.83501939690875,71.7970833568226
C22L2,3.2799999999999474,2.45,68.32892020652831,79.59538110746324
C22L3,3.27,3.27,66.66732040398628,66.66732040398628
C22L4,2.4000000000000004,2.5000000000000004,80.39860414416525,78.7897683364081
C22L5,1.7300000000000002,1.68,97.7700238334445,100.45740439836791
C22L6,1.82,3.16,94.98000661467277,69.84073116587685
C22L7,1.7300000000000002,1.75,97.7700238334445,96.83501939690875
C22L8,3.3000000000097947,3.289999999999999,67.44303788811109,68.13512170581375
C22R1,1.8,1.92,95.65008800371686,92.00434744749462
C22R2,3.1599999999999997,3.02,70.07018630242422,71.69505965461342
C22R3,1.77,3.210000000000001,96.78539546647139,68.73171710454288
C22R4,2.01,3.08,90.1826216302873,70.92620638880226
C22R5,1.8100000000000003,2.9899999999999993,95.95614563437317,72.05491275077262
C22R6,3.2799999999999994,3.2600000000000016,67.87449965452625,67.7519122227926
C22R7,3.2400000000000007,3.3000000000097947,66.94333085452014,67.44303788811109
C22R8,2.9799999999999986,1.81,71.9167377486337,95.8748204483924
C23L1,3.32,1.75,66.69622311711481,97.93687798968394
C23L2,1.92,3.2400000000000007,92.00434744749462,66.94333085452014
C23L3,3.1600000000000006,3.7,69.74295839809092,54.73594914052305
C23L4,3.1600000000000006,3.2600000000000016,69.74295839809092,67.7519122227926
C23L5,3.1,1.8299999999999998,70.752888773442,94.32351566615597
C23L6,3.7,3.08,54.73594914052305,70.92620638880226
C23L7,1.67,2.450000000000002,100.31451566000446,79.59764615112702
C23L8,2.400000000000003,2.4300000000000015,80.40070272144557,79.91564766114065
C23R1,1.77,1.83,96.78539546647139,94.71351328593303
C23R2,3.6000000000000005,3.310000141193014,60.43712854708486,67.19212096326802
C23R3,3.1799999999999997,3.1799999999999997,69.35436078096502,69.35436078096502
C23R4,3.1,2.45000000000002,70.752888773442,79.61488134911514
C23R5,3.27,3.2400000000000007,66.66732040398628,67.59410659048159
C23R6,3.2099999999999995,3.1200000000000006,68.37476174248951,70.36876554941088
C23R7,3.32,3.32,67.66559710105976,66.69622311711481
C23R8,1.74,3.2200000000000015,97.96870463516547,69.30246088141651
C24L1,3.2799999999999474,2.9899999999999998,68.32892020652831,71.7970833568226
C24L2,1.77,1.77,96.78539546647139,96.78539546647139
C24L3,2.01,3.6000000000000005,90.1826216302873,60.43712854708486
C24L4,1.71,3.210000000000001,99.29508583041603,68.73171710454288
C24L5,3.0900000000000283,3.210000000000001,70.74825409990856,68.73171710454288
C24L6,3.2099999999999995,1.68,68.37476174248951,99.6525631876629
C24L7,3.6000000000000005,2.9899999999999993,60.43712854708486,72.05491275077262
C24L8,1.74,3.21,97.96870463516547,68.07622572204467
C24R1,2.9199999999999995,1.75,72.91920684067088,96.83501939690875
C24R2,2.9899999999999993,1.96,72.05491275077262,90.45027015692106
C24R3,2.9799999999999986,3.02,71.9167377486337,71.69505965461342
C24R4,3.11,2.450000000000002,70.2908110941323,79.59764615112702
C24R5,1.8299999999999998,2.4799999999999818,94.71508838982798,79.08549669352671
C24R6,1.8299999999999998,1.7699999999999998,94.71508838982798,97.37175994946976
C24R7,3.11,3.21,70.2908110941323,68.07622572204467
C24R8,3.25,3.310000141193014,68.09926754352253,67.19212096326802
C25L1,3.1600000000000006,3.32,69.74295839809092,67.66559710105976
C25L2,3.2799999999999994,2.45,67.87449965452625,79.59538110746324
C25L3,1.9499999999999997,3.0800000000000005,91.06495839468394,70.76365748864274
C25L4,1.7899999999999998,3.210000000000001,96.14625244938793,68.73171710454288
C25L5,3.0200000000000027,1.8299999999999998,71.68679046426837,94.32351566615597
C25L6,1.8299999999999998,2.4300000000000015,94.71508838982798,79.91564766114065
C25L7,1.7899999999999998,2.480000000000015,96.14625244938793,79.11108700795295
C25L8,3.32,3.32,66.69622311711481,66.69622311711481
C25R1,2.45,3.2799999999999994,79.59538110746324,67.87449965452625
C25R2,3.400000000000001,3.7,65.45791952580721,54.73594914052305
C25R3,3.1599999999999997,2.9199999999999995,70.07018630242422,72.91920684067088
C25R4,1.7400000000000002,1.8499999999999999,97.96677628651337,94.10394295985523
C25R5,2.4000000000000004,1.96,80.39860414416525,90.45027015692106
C25R6,3.3000000000000025,1.93,67.81747258741485,91.38914903100921
C25R7,3.320000000000004,3.0900000000000003,66.96853432549321,70.87720413274648
C25R8,1.82,3.19,94.98000661467277,69.08204078566787
C26L1,1.75,2.4300000000000006,97.93687798968394,79.89986949478443
C26L2,2.45,2.45,79.59538110746324,79.59538110746324
C26L3,3.400000000000001,3.1200000000000006,65.45791952580721,70.36876554941088
C26L4,1.77,1.8499999999999999,96.78539546647139,94.10394295985523
C26L5,2.01,3.08,90.1826216302873,70.92620638880226
C26L6,3.310000141193014,1.8299999999999998,67.19212096326802,94.32351566615597
C26L7,2.01,1.8,90.1826216302873,95.65008800371686
C26L8,3.2400000000000007,3.0800000000000005,66.94333085452014,70.76365748864274
C26R1,2.4299999999999997,2.450000000000002,79.9134887858741,79.59764615112702
C26R2,1.68,1.68,99.6525631876629,99.6525631876629
C26R3,2.9799999999999986,3.7,71.9167377486337,54.73594914052305
C26R4,3.4599999999999995,1.93,61.141317629472105,91.38914903100921
C26R5,1.8299999999999998,1.81,94.71508838982798,95.8748204483924
C26R6,3.2799999999999994,3.2600000000000016,67.87449965452625,67.7519122227926
C26R7,3.25,1.75,68.09926754352253,96.83501939690875
C26R8,3.2799999999999474,2.9899999999999998,68.32892020652831,71.7970833568226
C27L1,1.7300000000000002,2.480000000000015,97.7700238334445,79.11108700795295
C27L2,2.5,3.2400000000000007,78.792057073657,67.59410659048159
C27L3,3.27,2.9899999999999993,66.66732040398628,72.05491275077262
C27L4,1.6999999999999997,1.9499999999999997,101.106504622535,91.06495839468394
C27L5,2.45,1.68,79.59538110746324,100.45740439836791
C27L6,3.08,3.0800000000000005,70.92620638880226,70.76365748864274
C27L7,2.01,1.81,90.1826216302873,95.8748204483924
C27L8,3.2200000000000015,3.3000000000097947,69.30246088141651,67.44303788811109
C27R1,2.5,3.21,78.792057073657,68.07622572204467
C27R2,2.9799999999999986,3.7,71.9167377486337,54.73594914052305
C27R3,2.6828175538650796,2.6828175538650796,75.0,75.0
C27R4,3.1,2.5,70.752888773442,78.792057073657
C27R5,1.8299999999999998,2.480000000000015,94.71508838982798,79.11108700795295
C27R6,2.6828175538650796,2.6828175538650796,75.0,75.0
C27R7,2.9799999999999986,3.08,71.9167377486337,70.92620638880226
C27R8,3.0200000000000027,3.1,71.68679046426837,70.752888773442
C28L1,1.74,2.9899999999999998,97.96870463516547,71.7970833568226
C28L2,1.6999999999999997,3.2799999999999994,101.106504622535,67.87449965452625
C28L3,2.01,3.1200000000000006,90.1826216302873,70.36876554941088
C28L4,3.11,2.5,70.2908110941323,78.792057073657
C28L5,3.289999999999999,3.15,68.13512170581375,69.97010621488656
C28L6,3.3000000000000025,1.74,67.81747258741485,97.96870463516547
C28L7,1.8,3.1400000000000006,95.65008800371686,70.26040277030548
C28L8,3.2400000000000007,1.74,66.94333085452014,97.96870463516547
C28R1,2.4800000000000004,2.4299999999999997,79.10202191429511,79.9134887858741
C28R2,2.01,1.83,90.1826216302873,94.71351328593303
C28R3,2.6828175538650796,2.6828175538650796,75.0,75.0
C28R4,3.289999999999999,3.1300000000000003,68.13512170581375,70.35344691681026
C28R5,3.11,2.4300000000000015,70.2908110941323,79.91564766114065
C28R6,1.7699999999999998,1.81,97.37175994946976,95.8748204483924
C28R7,2.4000000000000004,2.4300000000000006,80.39860414416525,79.89986949478443
C28R8,3.32,3.1600000000000006,66.69622311711481,69.74295839809092
C29L1,3.25,3.7,68.09926754352253,54.73594914052305
C29L2,3.2799999999999474,2.45,68.32892020652831,79.59538110746324
C29L3,1.7499999999999998,1.8299999999999998,99.6289270513348,94.32351566615597
C29L4,1.75,2.5000000000000004,97.93687798968394,78.7897683364081
C29L5,2.400000000000003,3.16,80.40070272144557,69.84073116587685
C29L6,2.01,3.1799999999742785,90.1826216302873,69.74655266092758
C29L7,3.32,1.93,66.69622311711481,91.38914903100921
C29L8,1.8299999999999998,3.1799999999742785,94.71508838982798,69.74655266092758
C29R1,2.5,2.5,78.792057073657,78.792057073657
C29R2,3.0900000000000283,1.8299999999999998,70.74825409990856,94.32351566615597
C29R3,2.9799999999999986,2.9199999999999995,71.9167377486337,72.91920684067088
C29R4,3.0200000000000027,3.02,71.68679046426837,71.69505965461342
C29R5,1.74,2.4799999999999818,97.96870463516547,79.08549669352671
C29R6,3.310000141193014,3.2799999999999994,67.19212096326802,67.87449965452625
C29R7,3.32,3.03,67.66559710105976,71.53341464630975
C29R8,2.4300000000000006,2.4300000000000006,79.89986949478443,79.89986949478443
C30L1,3.19,3.19,69.08204078566787,69.08204078566787
C30L2,1.6999999999999997,3.2799999999999994,101.106504622535,67.87449965452625
C30L3,2.01,3.1200000000000006,90.1826216302873,70.36876554941088
C30L4,1.6999999999999997,1.93,101.106504622535,91.38914903100921
C30L5,1.71,1.68,99.29508583041603,100.45740439836791
C30L6,1.8100000000000003,3.400000000000001,95.95614563437317,65.45791952580721
C30L7,1.82,1.8,94.98000661467277,95.65008800371686
C30L8,3.27,3.3100000000000125,66.66732040398628,66.6210185838169
C30R1,3.1400000000000006,3.1400000000000006,70.26040277030548,70.26040277030548
C30R2,3.0900000000000283,3.6000000000000005,70.74825409990856,60.43712854708486
C30R3,2.9799999999999986,2.9199999999999995,71.9167377486337,72.91920684067088
C30R4,1.92,3.7,92.00434744749462,54.73594914052305
C30R5,3.7,1.96,54.73594914052305,90.45027015692106
C30R6,1.9499999999999997,1.9499999999999997,91.06495839468394,91.06495839468394
C30R7,2.4300000000000015,2.4799999999999818,79.91564766114065,79.08549669352671
C30R8,3.25,1.75,68.09926754352253,97.93687798968394
C31L1,1.82,2.480000000000015,94.98000661467277,79.11108700795295
C31L2,2.45,3.400000000000001,79.59538110746324,65.45791952580721
C31L3,3.6000000000000005,3.2400000000000126,60.43712854708486,67.99534303947361
C31L4,3.03,3.1200000000000006,71.53341464630975,70.36876554941088
C31L5,2.6828175538650796,2.6828175538650796,75.0,75.0
C31L6,1.7899999999999998,2.480000000000015,96.14625244938793,79.11108700795295
C31L7,1.67,1.7699999999999998,100.31451566000446,97.37175994946976
C31L8,1.8299999999999998,2.4799999999999818,94.71508838982798,79.08549669352671
C31R1,2.5,3.2099999999999995,78.792057073657,68.37476174248951
C31R2,1.68,1.68,99.6525631876629,99.6525631876629
C31R3,1.75,3.25,96.83501939690875,68.09926754352253
C31R4,1.7400000000000002,1.9499999999999997,97.96677628651337,91.06495839468394
C31R5,1.7699999999999998,2.4300000000000015,97.37175994946976,79.91564766114065
C31R6,1.67,1.7699999999999998,100.31451566000446,97.37175994946976
C31R7,3.27,3.0800000000000005,66.66732040398628,70.76365748864274
C31R8,3.2799999999999474,2.9899999999999998,68.32892020652831,71.7970833568226
C32L1,1.75,3.3000000000000025,97.93687798968394,67.81747258741485
C32L2,2.5,1.92,78.792057073657,92.00434744749462
C32L3,1.9499999999999997,2.5000000000000004,91.06495839468394,78.7897683364081
C32L4,3.4599999999999995,1.8499999999999999,61.141317629472105,94.10394295985523
C32L5,3.1600000000000006,1.9499999999999997,69.74295839809092,91.06495839468394
C32L6,3.289999999999999,1.93,68.13512170581375,91.38914903100921
C32L7,3.2099999999999995,3.16,68.37476174248951,69.84073116587685
C32L8,3.32,3.21,67.66559710105976,68.07622572204467
C32R1,2.5,3.2799999999999994,78.792057073657,67.87449965452625
C32R2,3.2400000000000007,3.3100000000000125,66.94333085452014,66.6210185838169
C32R3,3.02,3.1799999999999997,71.69505965461342,69.35436078096502
C32R4,3.08,1.8299999999999998,70.92620638880226,94.32351566615597
C32R5,1.8100000000000003,1.96,95.95614563437317,90.45027015692106
C32R6,1.8299999999999998,2.480000000000015,94.71508838982798,79.11108700795295
C32R7,3.32,1.96,67.66559710105976,90.45027015692106
C32R8,3.19,3.15,69.08204078566787,69.97010621488656
C33L1,1.74,1.81,97.96870463516547,95.8748204483924
C33L2,1.81,3.2799999999999994,95.8748204483924,67.87449965452625
C33L3,1.8100000000000003,3.1200000000000006,95.95614563437317,70.36876554941088
C33L4,3.0200000000000027,1.9499999999999997,71.68679046426837,91.06495839468394
C33L5,3.1799999999742785,3.2200000000000015,69.74655266092758,69.30246088141651
C33L6,1.8299999999999998,2.4799999999999818,94.71508838982798,79.08549669352671
C33L7,3.310000141193014,3.2600000000000016,67.19212096326802,67.7519122227926
C33L8,3.25,3.3100000000000125,68.22162291037226,66.6210185838169
C33R1,2.6828175538650796,2.6828175538650796,75.0,75.0
C33R2,2.01,1.8299999999999998,90.1826216302873,94.32351566615597
C33R3,1.92,3.210000000000001,92.00434744749462,68.73171710454288
C33R4,1.8,1.68,95.65008800371686,100.45740439836791
C33R5,1.7300000000000002,2.480000000000015,97.7700238334445,79.11108700795295
C33R6,1.7899999999999998,1.81,96.14625244938793,95.8748204483924
C33R7,3.0100000000000118,3.209999999999757,71.77217049437834,67.60486835724907
C33R8,3.25,1.81,68.22162291037226,95.8748204483924
C34L1,3.32,3.310000141193014,66.69622311711481,67.19212096326802
C34L2,3.27,3.2799999999999994,66.66732040398628,67.87449965452625
C34L3,2.6828175538650796,2.6828175538650796,75.0,75.0
C34L4,2.4000000000000004,3.6000000000000005,80.39860414416525,60.43712854708486
C34L5,3.1,3.02,70.752888773442,71.69505965461342
C34L6,3.0800000000000005,3.2400000000000007,70.76365748864274,66.94333085452014
C34L7,3.3000000000000025,1.8,67.81747258741485,95.65008800371686
C34L8,1.74,3.2200000000000015,97.96870463516547,69.30246088141651
C34R1,3.2099999999999995,3.2799999999999474,68.37476174248951,68.32892020652831
C34R2,3.390000000000002,2.9899999999999993,67.570380167343,72.05491275077262
C34R3,2.4800000000000004,1.68,79.10202191429511,100.45740439836791
C34R4,3.310000141193014,3.210000000000001,67.19212096326802,68.73171710454288
C34R5,3.32,3.2600000000000016,66.69622311711481,67.7519122227926
C34R6,2.4299999999999997,1.83,79.9134887858741,94.71351328593303
C34R7,2.4300000000000015,2.4799999999999818,79.91564766114065,79.08549669352671
C34R8,3.1,3.02,70.752888773442,71.69505965461342
