Circuit Family,Circuit Name,timestamp_fgc,fpa_identifier,year,month,day,timestamp_fgc_available,U_diode_data_available,VoltageNQPS.*U_DIODE,U_diode_data_useable
RB,RB.A12,1.26003782644e+18,RB_RB.A12_1260037826440000000,2009,12,5,1,0,0,0
RB,RB.A12,1.265288815e+18,RB_RB.A12_1265288815000000000,2010,2,4,1,0,0,0
RB,RB.A23,1.26565655246e+18,RB_RB.A23_1265656552460000000,2010,2,8,1,0,0,0
RB,RB.A23,1.2659733993e+18,RB_RB.A23_1265973399300000000,2010,2,12,1,0,0,0
RB,RB.A12,1.26606509292e+18,RB_RB.A12_1266065092920000000,2010,2,13,1,0,0,0
RB,RB.A78,1.26608622172e+18,RB_RB.A78_1266086221720000000,2010,2,13,1,0,0,0
RB,RB.A78,1.266091704e+18,RB_RB.A78_1266091704000000000,2010,2,13,1,0,0,0
RB,RB.A34,1.26642896976e+18,RB_RB.A34_1266428969760000000,2010,2,17,1,0,0,0
RB,RB.A34,1.26645027468e+18,RB_RB.A34_1266450274680000000,2010,2,18,1,0,0,0
RB,RB.A67,1.41417326958e+18,RB_RB.A67_1414173269580000000,2014,10,24,1,1,0,0
RB,RB.A67,1.41459527938e+18,RB_RB.A67_1414595279380000000,2014,10,29,1,0,0,0
RB,RB.A67,1.41460527028e+18,RB_RB.A67_1414605270280000000,2014,10,29,1,1,0,0
RB,RB.A67,1.41477592844e+18,RB_RB.A67_1414775928440000000,2014,10,31,1,1,1,1
RB,RB.A67,1.41744008374e+18,RB_RB.A67_1417440083740000000,2014,12,1,1,0,0,0
RB,RB.A67,1.41746923414e+18,RB_RB.A67_1417469234140000000,2014,12,1,1,0,0,0
RB,RB.A67,1.41758988202e+18,RB_RB.A67_1417589882020000000,2014,12,3,1,0,0,0
RB,RB.A67,1.41763611616e+18,RB_RB.A67_1417636116160000000,2014,12,3,1,0,0,0
RB,RB.A67,1.41767746056e+18,RB_RB.A67_1417677460560000000,2014,12,4,1,0,0,0
RB,RB.A67,1.41771783954e+18,RB_RB.A67_1417717839540000000,2014,12,4,1,0,0,0
RB,RB.A67,1.4177639615e+18,RB_RB.A67_1417763961500000000,2014,12,5,1,0,0,0
RB,RB.A67,1.41779040796e+18,RB_RB.A67_1417790407960000000,2014,12,5,1,0,0,0
RB,RB.A67,1.41781136676e+18,RB_RB.A67_1417811366760000000,2014,12,5,1,0,0,0
RB,RB.A67,1.41785748056e+18,RB_RB.A67_1417857480560000000,2014,12,6,1,0,0,0
RB,RB.A67,1.41787900184e+18,RB_RB.A67_1417879001840000000,2014,12,6,1,0,0,0
RB,RB.A67,1.41793441418e+18,RB_RB.A67_1417934414180000000,2014,12,7,1,0,0,0
RB,RB.A67,1.4179661124e+18,RB_RB.A67_1417966112400000000,2014,12,7,1,0,0,0
RB,RB.A67,1.41798959802e+18,RB_RB.A67_1417989598020000000,2014,12,7,1,0,0,0
RB,RB.A67,1.41802593854e+18,RB_RB.A67_1418025938540000000,2014,12,8,1,0,0,0
RB,RB.A67,1.41806871464e+18,RB_RB.A67_1418068714640000000,2014,12,8,1,0,0,0
RB,RB.A67,1.4181310655e+18,RB_RB.A67_1418131065500000000,2014,12,9,1,0,0,0
RB,RB.A67,1.41816582082e+18,RB_RB.A67_1418165820820000000,2014,12,9,1,0,0,0
RB,RB.A67,1.41822729424e+18,RB_RB.A67_1418227294240000000,2014,12,10,1,0,0,0
RB,RB.A12,1.41833071458e+18,RB_RB.A12_1418330714580000000,2014,12,11,1,0,0,0
RB,RB.A12,1.4183847645e+18,RB_RB.A12_1418384764500000000,2014,12,12,1,0,0,0
RB,RB.A12,1.41848467056e+18,RB_RB.A12_1418484670560000000,2014,12,13,1,0,0,0
RB,RB.A12,1.41853881428e+18,RB_RB.A12_1418538814280000000,2014,12,14,1,0,0,0
RB,RB.A12,1.41856085386e+18,RB_RB.A12_1418560853860000000,2014,12,14,1,0,0,0
RB,RB.A12,1.41859374992e+18,RB_RB.A12_1418593749920000000,2014,12,14,1,0,0,0
RB,RB.A12,1.4186264841e+18,RB_RB.A12_1418626484100000000,2014,12,15,1,0,0,0
RB,RB.A12,1.42153181378e+18,RB_RB.A12_1421531813780000000,2015,1,17,1,0,0,0
RB,RB.A12,1.42158053968e+18,RB_RB.A12_1421580539680000000,2015,1,18,1,0,0,0
RB,RB.A56,1.42263965396e+18,RB_RB.A56_1422639653960000000,2015,1,30,1,1,0,0
RB,RB.A56,1.42286223538e+18,RB_RB.A56_1422862235380000000,2015,2,2,1,0,0,0
RB,RB.A56,1.42289053952e+18,RB_RB.A56_1422890539520000000,2015,2,2,1,1,1,1
RB,RB.A56,1.4229508225e+18,RB_RB.A56_1422950822500000000,2015,2,3,1,0,0,0
RB,RB.A56,1.42299182394e+18,RB_RB.A56_1422991823940000000,2015,2,3,1,1,0,0
RB,RB.A56,1.4230325012e+18,RB_RB.A56_1423032501200000000,2015,2,4,1,1,0,0
RB,RB.A56,1.42307440388e+18,RB_RB.A56_1423074403880000000,2015,2,4,1,0,0,0
RB,RB.A56,1.4231059026e+18,RB_RB.A56_1423105902600000000,2015,2,5,1,1,0,0
RB,RB.A56,1.42313997724e+18,RB_RB.A56_1423139977240000000,2015,2,5,1,1,0,0
RB,RB.A56,1.42316661432e+18,RB_RB.A56_1423166614320000000,2015,2,5,1,1,0,0
RB,RB.A56,1.42319239528e+18,RB_RB.A56_1423192395280000000,2015,2,6,1,1,1,0
RB,RB.A81,1.42291237702e+18,RB_RB.A81_1422912377020000000,2015,2,2,1,0,0,0
RB,RB.A56,1.42322763574e+18,RB_RB.A56_1423227635740000000,2015,2,6,1,0,0,0
RB,RB.A81,1.4232299591e+18,RB_RB.A81_1423229959100000000,2015,2,6,1,0,0,0
RB,RB.A56,1.4232528319e+18,RB_RB.A56_1423252831900000000,2015,2,6,1,0,0,0
RB,RB.A81,1.423290542e+18,RB_RB.A81_1423290542000000000,2015,2,7,1,0,0,0
RB,RB.A56,1.42330640992e+18,RB_RB.A56_1423306409920000000,2015,2,7,1,0,0,0
RB,RB.A81,1.42331687998e+18,RB_RB.A81_1423316879980000000,2015,2,7,1,0,0,0
RB,RB.A56,1.42332846202e+18,RB_RB.A56_1423328462020000000,2015,2,7,1,1,0,0
RB,RB.A56,1.42337730026e+18,RB_RB.A56_1423377300260000000,2015,2,8,1,1,0,0
RB,RB.A81,1.42337915512e+18,RB_RB.A81_1423379155120000000,2015,2,8,1,0,0,0
RB,RB.A56,1.42340561634e+18,RB_RB.A56_1423405616340000000,2015,2,8,1,1,0,0
RB,RB.A81,1.423506735e+18,RB_RB.A81_1423506735000000000,2015,2,9,1,0,0,0
RB,RB.A56,1.42351911016e+18,RB_RB.A56_1423519110160000000,2015,2,9,1,0,0,0
RB,RB.A81,1.4235539524e+18,RB_RB.A81_1423553952400000000,2015,2,10,1,0,0,0
RB,RB.A81,1.4236436698e+18,RB_RB.A81_1423643669800000000,2015,2,11,1,0,0,0
RB,RB.A81,1.42366977064e+18,RB_RB.A81_1423669770640000000,2015,2,11,1,1,0,0
RB,RB.A81,1.42370684802e+18,RB_RB.A81_1423706848020000000,2015,2,12,1,0,0,0
RB,RB.A81,1.4237658261e+18,RB_RB.A81_1423765826100000000,2015,2,12,1,1,0,0
RB,RB.A81,1.42380885308e+18,RB_RB.A81_1423808853080000000,2015,2,13,1,0,0,0
RB,RB.A81,1.42385765122e+18,RB_RB.A81_1423857651220000000,2015,2,13,1,0,0,0
RB,RB.A81,1.4238987385e+18,RB_RB.A81_1423898738500000000,2015,2,14,1,0,0,0
RB,RB.A23,1.42392157372e+18,RB_RB.A23_1423921573720000000,2015,2,14,1,0,0,0
RB,RB.A81,1.4239380013e+18,RB_RB.A81_1423938001300000000,2015,2,14,1,0,0,0
RB,RB.A81,1.42398214716e+18,RB_RB.A81_1423982147160000000,2015,2,15,1,0,0,0
RB,RB.A81,1.4240217471e+18,RB_RB.A81_1424021747100000000,2015,2,15,1,0,0,0
RB,RB.A81,1.42406998504e+18,RB_RB.A81_1424069985040000000,2015,2,16,1,1,0,0
RB,RB.A81,1.42415454576e+18,RB_RB.A81_1424154545760000000,2015,2,17,1,0,0,0
RB,RB.A81,1.42419461312e+18,RB_RB.A81_1424194613120000000,2015,2,17,1,0,0,0
RB,RB.A23,1.42421084232e+18,RB_RB.A23_1424210842320000000,2015,2,17,1,0,0,0
RB,RB.A81,1.42425931114e+18,RB_RB.A81_1424259311140000000,2015,2,18,1,0,0,0
RB,RB.A81,1.42429239968e+18,RB_RB.A81_1424292399680000000,2015,2,18,1,0,0,0
RB,RB.A81,1.4243481392e+18,RB_RB.A81_1424348139200000000,2015,2,19,1,0,0,0
RB,RB.A81,1.42437572166e+18,RB_RB.A81_1424375721660000000,2015,2,19,1,0,0,0
RB,RB.A23,1.42437802552e+18,RB_RB.A23_1424378025520000000,2015,2,19,1,0,0,0
RB,RB.A23,1.42441473028e+18,RB_RB.A23_1424414730280000000,2015,2,20,1,0,0,0
RB,RB.A81,1.42441759692e+18,RB_RB.A81_1424417596920000000,2015,2,20,1,0,0,0
RB,RB.A23,1.42446532842e+18,RB_RB.A23_1424465328420000000,2015,2,20,1,0,0,0
RB,RB.A81,1.42446541788e+18,RB_RB.A81_1424465417880000000,2015,2,20,1,0,0,0
RB,RB.A81,1.42450129348e+18,RB_RB.A81_1424501293480000000,2015,2,21,1,0,0,0
RB,RB.A23,1.42450139028e+18,RB_RB.A23_1424501390280000000,2015,2,21,1,0,0,0
RB,RB.A23,1.42454421408e+18,RB_RB.A23_1424544214080000000,2015,2,21,1,0,0,0
RB,RB.A23,1.42459668098e+18,RB_RB.A23_1424596680980000000,2015,2,22,1,0,0,0
RB,RB.A23,1.42463854274e+18,RB_RB.A23_1424638542740000000,2015,2,22,1,0,0,0
RB,RB.A23,1.42467405998e+18,RB_RB.A23_1424674059980000000,2015,2,23,1,0,0,0
RB,RB.A78,1.42468929596e+18,RB_RB.A78_1424689295960000000,2015,2,23,1,0,0,0
RB,RB.A78,1.42470861884e+18,RB_RB.A78_1424708618840000000,2015,2,23,1,0,0,0
RB,RB.A23,1.4247590959e+18,RB_RB.A23_1424759095900000000,2015,2,24,1,0,0,0
RB,RB.A23,1.42481290926e+18,RB_RB.A23_1424812909260000000,2015,2,24,1,0,0,0
RB,RB.A23,1.42484991128e+18,RB_RB.A23_1424849911280000000,2015,2,25,1,0,0,0
RB,RB.A23,1.42489138944e+18,RB_RB.A23_1424891389440000000,2015,2,25,1,0,0,0
RB,RB.A23,1.42493227092e+18,RB_RB.A23_1424932270920000000,2015,2,26,1,0,0,0
RB,RB.A78,1.42497755884e+18,RB_RB.A78_1424977558840000000,2015,2,26,1,0,0,0
RB,RB.A23,1.42497763862e+18,RB_RB.A23_1424977638620000000,2015,2,26,1,0,0,0
RB,RB.A23,1.42501826694e+18,RB_RB.A23_1425018266940000000,2015,2,27,1,0,0,0
RB,RB.A23,1.4250701037e+18,RB_RB.A23_1425070103700000000,2015,2,27,1,0,0,0
RB,RB.A78,1.42507336858e+18,RB_RB.A78_1425073368580000000,2015,2,27,1,0,0,0
RB,RB.A78,1.42514136106e+18,RB_RB.A78_1425141361060000000,2015,2,28,1,0,0,0
RB,RB.A78,1.42519164874e+18,RB_RB.A78_1425191648740000000,2015,3,1,1,0,0,0
RB,RB.A78,1.42523465758e+18,RB_RB.A78_1425234657580000000,2015,3,1,1,0,0,0
RB,RB.A34,1.42527848668e+18,RB_RB.A34_1425278486680000000,2015,3,2,1,1,0,0
RB,RB.A45,1.42531815212e+18,RB_RB.A45_1425318152120000000,2015,3,2,1,0,0,0
RB,RB.A78,1.42533276838e+18,RB_RB.A78_1425332768380000000,2015,3,2,1,0,0,0
RB,RB.A78,1.42537072372e+18,RB_RB.A78_1425370723720000000,2015,3,3,1,1,0,0
RB,RB.A78,1.4254520143e+18,RB_RB.A78_1425452014300000000,2015,3,4,1,1,0,0
RB,RB.A78,1.42551292504e+18,RB_RB.A78_1425512925040000000,2015,3,5,1,0,0,0
RB,RB.A78,1.42554378284e+18,RB_RB.A78_1425543782840000000,2015,3,5,1,1,0,0
RB,RB.A78,1.42588026066e+18,RB_RB.A78_1425880260660000000,2015,3,9,1,0,0,0
RB,RB.A78,1.4259153464e+18,RB_RB.A78_1425915346400000000,2015,3,9,1,0,0,0
RB,RB.A45,1.42593087148e+18,RB_RB.A45_1425930871480000000,2015,3,9,1,0,0,0
RB,RB.A78,1.42594693982e+18,RB_RB.A78_1425946939820000000,2015,3,10,1,0,0,0
RB,RB.A45,1.42596622808e+18,RB_RB.A45_1425966228080000000,2015,3,10,1,1,1,1
RB,RB.A45,1.42601793908e+18,RB_RB.A45_1426017939080000000,2015,3,10,1,0,0,0
RB,RB.A45,1.42606105112e+18,RB_RB.A45_1426061051120000000,2015,3,11,1,0,0,0
RB,RB.A78,1.42610754076e+18,RB_RB.A78_1426107540760000000,2015,3,11,1,1,0,0
RB,RB.A45,1.42610839004e+18,RB_RB.A45_1426108390040000000,2015,3,11,1,0,0,0
RB,RB.A45,1.42614273464e+18,RB_RB.A45_1426142734640000000,2015,3,12,1,0,0,0
RB,RB.A78,1.42615032744e+18,RB_RB.A78_1426150327440000000,2015,3,12,1,1,0,0
RB,RB.A45,1.42619110368e+18,RB_RB.A45_1426191103680000000,2015,3,12,1,0,0,0
RB,RB.A45,1.42622046952e+18,RB_RB.A45_1426220469520000000,2015,3,13,1,0,0,0
RB,RB.A34,1.42623680238e+18,RB_RB.A34_1426236802380000000,2015,3,13,1,0,0,0
RB,RB.A45,1.42625128574e+18,RB_RB.A45_1426251285740000000,2015,3,13,1,0,0,0
RB,RB.A78,1.42625871632e+18,RB_RB.A78_1426258716320000000,2015,3,13,1,1,1,0
RB,RB.A34,1.426267932e+18,RB_RB.A34_1426267932000000000,2015,3,13,1,0,0,0
RB,RB.A45,1.4262776264e+18,RB_RB.A45_1426277626400000000,2015,3,13,1,0,0,0
RB,RB.A45,1.42631193498e+18,RB_RB.A45_1426311934980000000,2015,3,14,1,0,0,0
RB,RB.A34,1.4263120978e+18,RB_RB.A34_1426312097800000000,2015,3,14,1,0,0,0
RB,RB.A78,1.42631542508e+18,RB_RB.A78_1426315425080000000,2015,3,14,1,0,0,0
RB,RB.A45,1.42633678342e+18,RB_RB.A45_1426336783420000000,2015,3,14,1,1,0,0
RB,RB.A34,1.42635493106e+18,RB_RB.A34_1426354931060000000,2015,3,14,1,0,0,0
RB,RB.A45,1.42637770632e+18,RB_RB.A45_1426377706320000000,2015,3,15,1,0,0,0
RB,RB.A34,1.42638662916e+18,RB_RB.A34_1426386629160000000,2015,3,15,1,0,0,0
RB,RB.A45,1.42641347264e+18,RB_RB.A45_1426413472640000000,2015,3,15,1,0,0,0
RB,RB.A34,1.42642368374e+18,RB_RB.A34_1426423683740000000,2015,3,15,1,0,0,0
RB,RB.A45,1.4264362834e+18,RB_RB.A45_1426436283400000000,2015,3,15,1,1,0,0
RB,RB.A45,1.42647709374e+18,RB_RB.A45_1426477093740000000,2015,3,16,1,1,0,0
RB,RB.A45,1.426526492e+18,RB_RB.A45_1426526492000000000,2015,3,16,1,1,0,0
RB,RB.A45,1.42655211936e+18,RB_RB.A45_1426552119360000000,2015,3,17,1,0,0,0
RB,RB.A45,1.42657800628e+18,RB_RB.A45_1426578006280000000,2015,3,17,1,0,0,0
RB,RB.A45,1.42659723148e+18,RB_RB.A45_1426597231480000000,2015,3,17,1,0,0,0
RB,RB.A45,1.42662127194e+18,RB_RB.A45_1426621271940000000,2015,3,17,1,0,0,0
RB,RB.A34,1.42662335316e+18,RB_RB.A34_1426623353160000000,2015,3,17,1,1,1,0
RB,RB.A45,1.42665323518e+18,RB_RB.A45_1426653235180000000,2015,3,18,1,0,0,0
RB,RB.A34,1.42666193364e+18,RB_RB.A34_1426661933640000000,2015,3,18,1,0,0,0
RB,RB.A45,1.4266819711e+18,RB_RB.A45_1426681971100000000,2015,3,18,1,0,0,0
RB,RB.A34,1.42670822038e+18,RB_RB.A34_1426708220380000000,2015,3,18,1,0,0,0
RB,RB.A45,1.4267126016e+18,RB_RB.A45_1426712601600000000,2015,3,18,1,0,0,0
RB,RB.A56,1.42671554258e+18,RB_RB.A56_1426715542580000000,2015,3,18,1,0,0,0
RB,RB.A34,1.42675090716e+18,RB_RB.A34_1426750907160000000,2015,3,19,1,0,0,0
RB,RB.A45,1.42675316022e+18,RB_RB.A45_1426753160220000000,2015,3,19,1,0,0,0
RB,RB.A45,1.4267801975e+18,RB_RB.A45_1426780197500000000,2015,3,19,1,1,0,0
RB,RB.A34,1.42678196404e+18,RB_RB.A34_1426781964040000000,2015,3,19,1,1,0,0
RB,RB.A45,1.42679816612e+18,RB_RB.A45_1426798166120000000,2015,3,19,1,1,0,0
RB,RB.A45,1.42682698618e+18,RB_RB.A45_1426826986180000000,2015,3,20,1,1,0,0
RB,RB.A34,1.4268522717e+18,RB_RB.A34_1426852271700000000,2015,3,20,1,1,0,0
RB,RB.A45,1.42685451414e+18,RB_RB.A45_1426854514140000000,2015,3,20,1,1,0,0
RB,RB.A45,1.4268812462e+18,RB_RB.A45_1426881246200000000,2015,3,20,1,1,0,0
RB,RB.A34,1.42690544106e+18,RB_RB.A34_1426905441060000000,2015,3,21,1,1,0,0
RB,RB.A45,1.4269159577e+18,RB_RB.A45_1426915957700000000,2015,3,21,1,0,0,0
RB,RB.A45,1.42693964122e+18,RB_RB.A45_1426939641220000000,2015,3,21,1,0,0,0
RB,RB.A45,1.42697111278e+18,RB_RB.A45_1426971112780000000,2015,3,21,1,0,0,0
RB,RB.A45,1.4269919348e+18,RB_RB.A45_1426991934800000000,2015,3,22,1,0,0,0
RB,RB.A45,1.42701206536e+18,RB_RB.A45_1427012065360000000,2015,3,22,1,0,0,0
RB,RB.A45,1.42704666108e+18,RB_RB.A45_1427046661080000000,2015,3,22,1,0,0,0
RB,RB.A45,1.42706645038e+18,RB_RB.A45_1427066450380000000,2015,3,23,1,0,0,0
RB,RB.A45,1.42709917998e+18,RB_RB.A45_1427099179980000000,2015,3,23,1,0,0,0
RB,RB.A45,1.427142017e+18,RB_RB.A45_1427142017000000000,2015,3,23,1,0,0,0
RB,RB.A45,1.42717066606e+18,RB_RB.A45_1427170666060000000,2015,3,24,1,0,0,0
RB,RB.A45,1.42720940872e+18,RB_RB.A45_1427209408720000000,2015,3,24,1,0,0,0
RB,RB.A45,1.4272300197e+18,RB_RB.A45_1427230019700000000,2015,3,24,1,0,0,0
RB,RB.A45,1.42725972854e+18,RB_RB.A45_1427259728540000000,2015,3,25,1,0,0,0
RB,RB.A78,1.42730023758e+18,RB_RB.A78_1427300237580000000,2015,3,25,1,0,0,0
RB,RB.A45,1.42730177566e+18,RB_RB.A45_1427301775660000000,2015,3,25,1,0,0,0
RB,RB.A45,1.42734357742e+18,RB_RB.A45_1427343577420000000,2015,3,26,1,0,0,0
RB,RB.A45,1.42738048606e+18,RB_RB.A45_1427380486060000000,2015,3,26,1,0,0,0
RB,RB.A45,1.42740471064e+18,RB_RB.A45_1427404710640000000,2015,3,26,1,0,0,0
RB,RB.A45,1.42743541812e+18,RB_RB.A45_1427435418120000000,2015,3,27,1,0,0,0
RB,RB.A45,1.4274599859e+18,RB_RB.A45_1427459985900000000,2015,3,27,1,0,0,0
RB,RB.A34,1.42789747898e+18,RB_RB.A34_1427897478980000000,2015,4,1,1,0,0,0
RB,RB.A34,1.42791638642e+18,RB_RB.A34_1427916386420000000,2015,4,1,1,0,0,0
RB,RB.A67,1.42792248876e+18,RB_RB.A67_1427922488760000000,2015,4,1,1,0,0,0
RB,RB.A34,1.42794585218e+18,RB_RB.A34_1427945852180000000,2015,4,2,1,1,0,0
RB,RB.A34,1.42804332064e+18,RB_RB.A34_1428043320640000000,2015,4,3,1,0,0,0
RB,RB.A81,1.42889121698e+18,RB_RB.A81_1428891216980000000,2015,4,13,1,1,0,0
RB,RB.A81,1.42899614152e+18,RB_RB.A81_1428996141520000000,2015,4,14,1,1,0,0
RB,RB.A34,1.43160099124e+18,RB_RB.A34_1431600991240000000,2015,5,14,1,0,0,0
RB,RB.A67,1.43204007114e+18,RB_RB.A67_1432040071140000000,2015,5,19,1,0,0,0
RB,RB.A67,1.43265048544e+18,RB_RB.A67_1432650485440000000,2015,5,26,1,0,0,0
RB,RB.A34,1.43641866948e+18,RB_RB.A34_1436418669480000000,2015,7,9,1,0,0,0
RB,RB.A34,1.43403199314e+18,RB_RB.A34_1434031993140000000,2015,6,11,1,0,0,0
RB,RB.A78,1.43682510374e+18,RB_RB.A78_1436825103740000000,2015,7,14,1,0,0,0
RB,RB.A81,1.43690875142e+18,RB_RB.A81_1436908751420000000,2015,7,14,1,0,0,0
RB,RB.A56,1.43959301e+18,RB_RB.A56_1439593010000000000,2015,8,15,1,0,0,0
RB,RB.A67,1.44271567504e+18,RB_RB.A67_1442715675040000000,2015,9,20,1,0,0,0
RB,RB.A23,1.44370804784e+18,RB_RB.A23_1443708047840000000,2015,10,1,1,0,0,0
RB,RB.A78,1.44384987562e+18,RB_RB.A78_1443849875620000000,2015,10,3,1,1,0,0
RB,RB.A12,1.44653194986e+18,RB_RB.A12_1446531949860000000,2015,11,3,1,1,0,0
RB,RB.A34,1.44735402538e+18,RB_RB.A34_1447354025380000000,2015,11,12,1,0,0,0
RB,RB.A67,1.4473547708e+18,RB_RB.A67_1447354770800000000,2015,11,12,1,1,0,0
RB,RB.A45,1.44960523282e+18,RB_RB.A45_1449605232820000000,2015,12,8,1,0,0,0
RB,RB.A67,1.4500408797e+18,RB_RB.A67_1450040879700000000,2015,12,13,1,1,0,0
RB,RB.A23,1.45776702578e+18,RB_RB.A23_1457767025780000000,2016,3,12,1,1,0,0
RB,RB.A56,1.45788294994e+18,RB_RB.A56_1457882949940000000,2016,3,13,1,1,1,0
RB,RB.A67,1.4627517576e+18,RB_RB.A67_1462751757600000000,2016,5,9,1,1,1,0
RB,RB.A67,1.46330692582e+18,RB_RB.A67_1463306925820000000,2016,5,15,1,1,0,0
RB,RB.A78,1.46519484422e+18,RB_RB.A78_1465194844220000000,2016,6,6,1,1,1,0
RB,RB.A12,1.46557878532e+18,RB_RB.A12_1465578785320000000,2016,6,10,1,1,0,0
RB,RB.A45,1.46832582632e+18,RB_RB.A45_1468325826320000000,2016,7,12,1,1,1,0
RB,RB.A12,1.4702292049e+18,RB_RB.A12_1470229204900000000,2016,8,3,1,1,0,0
RB,RB.A78,1.47995751574e+18,RB_RB.A78_1479957515740000000,2016,11,24,1,1,0,0
RB,RB.A45,1.4809607408e+18,RB_RB.A45_1480960740800000000,2016,12,5,1,1,1,1
RB,RB.A34,1.48096176578e+18,RB_RB.A34_1480961765780000000,2016,12,5,1,1,1,1
RB,RB.A45,1.48098885404e+18,RB_RB.A45_1480988854040000000,2016,12,6,1,1,1,1
RB,RB.A34,1.48099497124e+18,RB_RB.A34_1480994971240000000,2016,12,6,1,1,1,1
RB,RB.A45,1.48103069192e+18,RB_RB.A45_1481030691920000000,2016,12,6,1,1,1,1
RB,RB.A34,1.48103311718e+18,RB_RB.A34_1481033117180000000,2016,12,6,1,1,1,1
RB,RB.A45,1.4810512762e+18,RB_RB.A45_1481051276200000000,2016,12,6,1,1,1,1
RB,RB.A34,1.4810619425e+18,RB_RB.A34_1481061942500000000,2016,12,6,1,1,1,1
RB,RB.A45,1.48107976874e+18,RB_RB.A45_1481079768740000000,2016,12,7,1,1,1,1
RB,RB.A34,1.48109427844e+18,RB_RB.A34_1481094278440000000,2016,12,7,1,1,1,1
RB,RB.A45,1.4811056923e+18,RB_RB.A45_1481105692300000000,2016,12,7,1,1,1,1
RB,RB.A34,1.48112689104e+18,RB_RB.A34_1481126891040000000,2016,12,7,1,1,1,1
RB,RB.A45,1.4811381383e+18,RB_RB.A45_1481138138300000000,2016,12,7,1,1,1,1
RB,RB.A34,1.48115943612e+18,RB_RB.A34_1481159436120000000,2016,12,8,1,1,1,1
RB,RB.A45,1.48128657986e+18,RB_RB.A45_1481286579860000000,2016,12,9,1,1,1,1
RB,RB.A45,1.48132740686e+18,RB_RB.A45_1481327406860000000,2016,12,10,1,1,1,1
RB,RB.A45,1.4813641231e+18,RB_RB.A45_1481364123100000000,2016,12,10,1,1,1,1
RB,RB.A45,1.4813916858e+18,RB_RB.A45_1481391685800000000,2016,12,10,1,1,1,1
RB,RB.A45,1.48142726062e+18,RB_RB.A45_1481427260620000000,2016,12,11,1,1,1,1
RB,RB.A45,1.48145222704e+18,RB_RB.A45_1481452227040000000,2016,12,11,1,1,1,1
RB,RB.A45,1.4814743657e+18,RB_RB.A45_1481474365700000000,2016,12,11,1,1,1,1
RB,RB.A45,1.48150890462e+18,RB_RB.A45_1481508904620000000,2016,12,12,1,1,1,1
RB,RB.A45,1.48153907258e+18,RB_RB.A45_1481539072580000000,2016,12,12,1,1,1,1
RB,RB.A45,1.48157553446e+18,RB_RB.A45_1481575534460000000,2016,12,12,1,1,1,1
RB,RB.A45,1.48161192622e+18,RB_RB.A45_1481611926220000000,2016,12,13,1,1,1,1
RB,RB.A45,1.48163636756e+18,RB_RB.A45_1481636367560000000,2016,12,13,1,1,1,1
RB,RB.A45,1.48169819922e+18,RB_RB.A45_1481698199220000000,2016,12,14,1,1,1,1
RB,RB.A12,1.49289050614e+18,RB_RB.A12_1492890506140000000,2017,4,22,1,1,1,1
RB,RB.A12,1.4929469411e+18,RB_RB.A12_1492946941100000000,2017,4,23,1,1,1,1
RB,RB.A12,1.5025329058e+18,RB_RB.A12_1502532905800000000,2017,8,12,1,1,1,1
RB,RB.A67,1.51235641392e+18,RB_RB.A67_1512356413920000000,2017,12,4,1,1,1,1
RB,RB.A56,1.51236931728e+18,RB_RB.A56_1512369317280000000,2017,12,4,1,1,1,1
RB,RB.A81,1.52658239722e+18,RB_RB.A81_1526582397220000000,2018,5,17,1,1,0,0
RB,RB.A12,1.52780830052e+18,RB_RB.A12_1527808300520000000,2018,6,1,1,1,0,0
RB,RB.A34,1.52837495192e+18,RB_RB.A34_1528374951920000000,2018,6,7,1,1,1,1
RB,RB.A67,1.53714149284e+18,RB_RB.A67_1537141492840000000,2018,9,17,1,1,1,1
RB,RB.A78,1.53812542946e+18,RB_RB.A78_1538125429460000000,2018,9,28,1,1,1,1
RB,RB.A45,1.54094619644e+18,RB_RB.A45_1540946196440000000,2018,10,31,1,1,1,1
RB,RB.A45,1.54096468304e+18,RB_RB.A45_1540964683040000000,2018,10,31,1,1,1,1
RB,RB.A12,1.54381084986e+18,RB_RB.A12_1543810849860000000,2018,12,3,1,1,1,1
RB,RB.A12,1.54383964244e+18,RB_RB.A12_1543839642440000000,2018,12,3,1,1,1,1
RB,RB.A12,1.5441193594e+18,RB_RB.A12_1544119359400000000,2018,12,6,1,1,1,1
RB,RB.A12,1.5441531813e+18,RB_RB.A12_1544153181300000000,2018,12,7,1,1,1,1
RB,RB.A12,1.54419396942e+18,RB_RB.A12_1544193969420000000,2018,12,7,1,1,1,1
RB,RB.A12,1.5442352933e+18,RB_RB.A12_1544235293300000000,2018,12,8,1,1,1,1
RB,RB.A12,1.544282264e+18,RB_RB.A12_1544282264000000000,2018,12,8,1,1,1,1
RB,RB.A78,1.54429095888e+18,RB_RB.A78_1544290958880000000,2018,12,8,1,1,0,0
RB,RB.A45,1.54430028782e+18,RB_RB.A45_1544300287820000000,2018,12,8,1,1,1,1
RB,RB.A12,1.54433285456e+18,RB_RB.A12_1544332854560000000,2018,12,9,1,1,1,1
RB,RB.A45,1.54435514778e+18,RB_RB.A45_1544355147780000000,2018,12,9,1,1,1,1
RB,RB.A12,1.54437078918e+18,RB_RB.A12_1544370789180000000,2018,12,9,1,1,1,1
RB,RB.A12,1.54441988244e+18,RB_RB.A12_1544419882440000000,2018,12,10,1,1,1,1
RB,RB.A12,1.54447728222e+18,RB_RB.A12_1544477282220000000,2018,12,10,1,1,1,1
RB,RB.A12,1.5445176318e+18,RB_RB.A12_1544517631800000000,2018,12,11,1,1,1,1
RB,RB.A12,1.544558894e+18,RB_RB.A12_1544558894000000000,2018,12,11,1,1,1,1
RB,RB.A12,1.54463169484e+18,RB_RB.A12_1544631694840000000,2018,12,12,1,1,1,1
RB,RB.A78,1.61496562446e+18,RB_RB.A78_1614965624460000000,2021,3,5,1,0,0,0
RB,RB.A78,1.61518984814e+18,RB_RB.A78_1615189848140000000,2021,3,8,1,1,1,0
RB,RB.A78,1.61521074742e+18,RB_RB.A78_1615210747420000000,2021,3,8,1,1,1,1
RB,RB.A78,1.6152719737e+18,RB_RB.A78_1615271973700000000,2021,3,9,1,1,1,1
RB,RB.A78,1.61530866352e+18,RB_RB.A78_1615308663520000000,2021,3,9,1,1,1,1
RB,RB.A78,1.61536340226e+18,RB_RB.A78_1615363402260000000,2021,3,10,1,1,1,1
RB,RB.A78,1.61539422134e+18,RB_RB.A78_1615394221340000000,2021,3,10,1,1,1,1
RB,RB.A78,1.6154439887e+18,RB_RB.A78_1615443988700000000,2021,3,11,1,1,1,1
RB,RB.A78,1.6154816296e+18,RB_RB.A78_1615481629600000000,2021,3,11,1,1,1,1
RB,RB.A78,1.61552934458e+18,RB_RB.A78_1615529344580000000,2021,3,12,1,1,1,1
RB,RB.A78,1.6155660652e+18,RB_RB.A78_1615566065200000000,2021,3,12,1,1,1,1
RB,RB.A78,1.61562238908e+18,RB_RB.A78_1615622389080000000,2021,3,13,1,1,1,1
RB,RB.A78,1.61565760048e+18,RB_RB.A78_1615657600480000000,2021,3,13,1,1,1,1
RB,RB.A78,1.6157091362e+18,RB_RB.A78_1615709136200000000,2021,3,14,1,1,1,1
RB,RB.A78,1.61574209764e+18,RB_RB.A78_1615742097640000000,2021,3,14,1,1,1,1
RB,RB.A78,1.61578851612e+18,RB_RB.A78_1615788516120000000,2021,3,15,1,1,1,1
RB,RB.A34,1.61592823708e+18,RB_RB.A34_1615928237080000000,2021,3,16,1,0,0,0
RB,RB.A78,1.61677706968e+18,RB_RB.A78_1616777069680000000,2021,3,26,1,1,1,1
RB,RB.A78,1.616826883e+18,RB_RB.A78_1616826883000000000,2021,3,27,1,1,1,1
RB,RB.A34,1.61683237444e+18,RB_RB.A34_1616832374440000000,2021,3,27,1,1,1,1
RB,RB.A34,1.61686556272e+18,RB_RB.A34_1616865562720000000,2021,3,27,1,1,1,1
RB,RB.A34,1.61691728918e+18,RB_RB.A34_1616917289180000000,2021,3,28,1,1,1,1
RB,RB.A78,1.616939086e+18,RB_RB.A78_1616939086000000000,2021,3,28,1,1,1,1
RB,RB.A78,1.6169621744e+18,RB_RB.A78_1616962174400000000,2021,3,28,1,1,1,1
RB,RB.A34,1.61696569436e+18,RB_RB.A34_1616965694360000000,2021,3,28,1,1,1,1
RB,RB.A78,1.61699758034e+18,RB_RB.A78_1616997580340000000,2021,3,29,1,1,1,1
RB,RB.A34,1.61703533608e+18,RB_RB.A34_1617035336080000000,2021,3,29,1,1,1,1
RB,RB.A78,1.61703886362e+18,RB_RB.A78_1617038863620000000,2021,3,29,1,1,1,1
RB,RB.A34,1.6170812529e+18,RB_RB.A34_1617081252900000000,2021,3,30,1,1,1,1
RB,RB.A78,1.61708323274e+18,RB_RB.A78_1617083232740000000,2021,3,30,1,1,1,1
RB,RB.A34,1.61712046534e+18,RB_RB.A34_1617120465340000000,2021,3,30,1,1,1,1
RB,RB.A78,1.61712345812e+18,RB_RB.A78_1617123458120000000,2021,3,30,1,1,1,1
RB,RB.A34,1.61716854382e+18,RB_RB.A34_1617168543820000000,2021,3,31,1,1,1,1
RB,RB.A78,1.61717025514e+18,RB_RB.A78_1617170255140000000,2021,3,31,1,1,1,1
RB,RB.A78,1.61721418594e+18,RB_RB.A78_1617214185940000000,2021,3,31,1,1,1,1
RB,RB.A78,1.61725416238e+18,RB_RB.A78_1617254162380000000,2021,4,1,1,1,1,1
RB,RB.A34,1.61729060952e+18,RB_RB.A34_1617290609520000000,2021,4,1,1,1,1,1
RB,RB.A78,1.61729791084e+18,RB_RB.A78_1617297910840000000,2021,4,1,1,1,1,1
RB,RB.A78,1.61733985074e+18,RB_RB.A78_1617339850740000000,2021,4,2,1,1,1,1
RB,RB.A34,1.61734223114e+18,RB_RB.A34_1617342231140000000,2021,4,2,1,1,1,1
RB,RB.A78,1.61737928928e+18,RB_RB.A78_1617379289280000000,2021,4,2,1,1,1,1
RB,RB.A34,1.61738980716e+18,RB_RB.A34_1617389807160000000,2021,4,2,1,1,1,1
RB,RB.A34,1.61742629114e+18,RB_RB.A34_1617426291140000000,2021,4,3,1,1,1,1
RB,RB.A78,1.6174310013e+18,RB_RB.A78_1617431001300000000,2021,4,3,1,1,1,1
RB,RB.A78,1.61746538778e+18,RB_RB.A78_1617465387780000000,2021,4,3,1,1,1,1
RB,RB.A34,1.61746732036e+18,RB_RB.A34_1617467320360000000,2021,4,3,1,1,1,1
RB,RB.A78,1.61751507894e+18,RB_RB.A78_1617515078940000000,2021,4,4,1,1,1,1
RB,RB.A34,1.61751821092e+18,RB_RB.A34_1617518210920000000,2021,4,4,1,1,1,1
RB,RB.A78,1.61755859088e+18,RB_RB.A78_1617558590880000000,2021,4,4,1,1,1,1
RB,RB.A34,1.61756013898e+18,RB_RB.A34_1617560138980000000,2021,4,4,1,1,1,1
RB,RB.A78,1.61760083144e+18,RB_RB.A78_1617600831440000000,2021,4,5,1,1,1,1
RB,RB.A34,1.6176024239e+18,RB_RB.A34_1617602423900000000,2021,4,5,1,1,1,1
RB,RB.A78,1.6176344745e+18,RB_RB.A78_1617634474500000000,2021,4,5,1,1,1,1
RB,RB.A34,1.61763714008e+18,RB_RB.A34_1617637140080000000,2021,4,5,1,1,1,1
RB,RB.A34,1.61768618562e+18,RB_RB.A34_1617686185620000000,2021,4,6,1,1,1,1
RB,RB.A78,1.61768928602e+18,RB_RB.A78_1617689286020000000,2021,4,6,1,1,1,1
RB,RB.A78,1.61773311482e+18,RB_RB.A78_1617733114820000000,2021,4,6,1,1,1,1
RB,RB.A34,1.6177375267e+18,RB_RB.A34_1617737526700000000,2021,4,6,1,1,1,1
RB,RB.A78,1.61777556238e+18,RB_RB.A78_1617775562380000000,2021,4,7,1,1,1,1
RB,RB.A78,1.61782475378e+18,RB_RB.A78_1617824753780000000,2021,4,7,1,1,1,1
RB,RB.A78,1.6178593291e+18,RB_RB.A78_1617859329100000000,2021,4,8,1,1,1,1
RB,RB.A78,1.61790752976e+18,RB_RB.A78_1617907529760000000,2021,4,8,1,1,1,1
RB,RB.A34,1.61791165768e+18,RB_RB.A34_1617911657680000000,2021,4,8,1,1,1,1
RB,RB.A34,1.61794560808e+18,RB_RB.A34_1617945608080000000,2021,4,9,1,1,1,1
RB,RB.A34,1.61798392018e+18,RB_RB.A34_1617983920180000000,2021,4,9,1,1,1,1
RB,RB.A78,1.61798763154e+18,RB_RB.A78_1617987631540000000,2021,4,9,1,1,1,1
RB,RB.A78,1.61803296204e+18,RB_RB.A78_1618032962040000000,2021,4,10,1,1,1,1
RB,RB.A34,1.61803449038e+18,RB_RB.A34_1618034490380000000,2021,4,10,1,1,1,1
RB,RB.A34,1.61806075016e+18,RB_RB.A34_1618060750160000000,2021,4,10,1,1,1,1
RB,RB.A78,1.61807149828e+18,RB_RB.A78_1618071498280000000,2021,4,10,1,1,1,1
RB,RB.A34,1.6180807952e+18,RB_RB.A34_1618080795200000000,2021,4,10,1,1,1,1
RB,RB.A34,1.6181188789e+18,RB_RB.A34_1618118878900000000,2021,4,11,1,1,1,1
RB,RB.A78,1.61813388824e+18,RB_RB.A78_1618133888240000000,2021,4,11,1,1,1,1
RB,RB.A34,1.61814863604e+18,RB_RB.A34_1618148636040000000,2021,4,11,1,1,1,1
RB,RB.A78,1.6181559716e+18,RB_RB.A78_1618155971600000000,2021,4,11,1,1,1,1
RB,RB.A78,1.61820686202e+18,RB_RB.A78_1618206862020000000,2021,4,12,1,1,1,1
RB,RB.A78,1.61824728402e+18,RB_RB.A78_1618247284020000000,2021,4,12,1,1,1,1
RB,RB.A34,1.61832775692e+18,RB_RB.A34_1618327756920000000,2021,4,13,1,1,1,1
RB,RB.A78,1.61833364622e+18,RB_RB.A78_1618333646220000000,2021,4,13,1,1,1,1
RB,RB.A34,1.61837857228e+18,RB_RB.A34_1618378572280000000,2021,4,14,1,1,1,1
RB,RB.A78,1.61841908198e+18,RB_RB.A78_1618419081980000000,2021,4,14,1,1,1,1
RB,RB.A34,1.61843156658e+18,RB_RB.A34_1618431566580000000,2021,4,14,1,1,1,1
RB,RB.A45,1.61842703938e+18,RB_RB.A45_1618427039380000000,2021,4,14,1,1,0,0
RB,RB.A78,1.61846389218e+18,RB_RB.A78_1618463892180000000,2021,4,15,1,1,1,1
RB,RB.A34,1.61846631782e+18,RB_RB.A34_1618466317820000000,2021,4,15,1,1,1,1
RB,RB.A78,1.61850316942e+18,RB_RB.A78_1618503169420000000,2021,4,15,1,1,1,1
RB,RB.A45,1.61851479018e+18,RB_RB.A45_1618514790180000000,2021,4,15,1,1,0,0
RB,RB.A34,1.61851575466e+18,RB_RB.A34_1618515754660000000,2021,4,15,1,1,1,1
RB,RB.A78,1.6185503975e+18,RB_RB.A78_1618550397500000000,2021,4,16,1,1,1,1
RB,RB.A34,1.61855491546e+18,RB_RB.A34_1618554915460000000,2021,4,16,1,1,1,1
RB,RB.A78,1.6185765411e+18,RB_RB.A78_1618576541100000000,2021,4,16,1,1,1,1
RB,RB.A34,1.61858269106e+18,RB_RB.A34_1618582691060000000,2021,4,16,1,1,1,1
RB,RB.A78,1.61859966952e+18,RB_RB.A78_1618599669520000000,2021,4,16,1,1,1,1
RB,RB.A34,1.61863655522e+18,RB_RB.A34_1618636555220000000,2021,4,17,1,1,1,1
RB,RB.A78,1.61863888628e+18,RB_RB.A78_1618638886280000000,2021,4,17,1,1,1,1
RB,RB.A78,1.61867458034e+18,RB_RB.A78_1618674580340000000,2021,4,17,1,1,1,1
RB,RB.A34,1.61868538488e+18,RB_RB.A34_1618685384880000000,2021,4,17,1,1,1,1
RB,RB.A78,1.61872313086e+18,RB_RB.A78_1618723130860000000,2021,4,18,1,1,1,1
RB,RB.A34,1.61872825712e+18,RB_RB.A34_1618728257120000000,2021,4,18,1,1,1,1
RB,RB.A34,1.61875034048e+18,RB_RB.A34_1618750340480000000,2021,4,18,1,1,1,1
RB,RB.A34,1.61877871146e+18,RB_RB.A34_1618778711460000000,2021,4,18,1,1,1,1
RB,RB.A78,1.6187811107e+18,RB_RB.A78_1618781110700000000,2021,4,18,1,1,1,1
RB,RB.A34,1.6188104928e+18,RB_RB.A34_1618810492800000000,2021,4,19,1,1,1,1
RB,RB.A78,1.6188138331e+18,RB_RB.A78_1618813833100000000,2021,4,19,1,1,1,1
RB,RB.A34,1.61884893692e+18,RB_RB.A34_1618848936920000000,2021,4,19,1,1,1,1
RB,RB.A78,1.61885937468e+18,RB_RB.A78_1618859374680000000,2021,4,19,1,1,1,1
RB,RB.A34,1.61889651096e+18,RB_RB.A34_1618896510960000000,2021,4,20,1,1,1,1
RB,RB.A78,1.61889829676e+18,RB_RB.A78_1618898296760000000,2021,4,20,1,1,1,1
RB,RB.A78,1.61893651224e+18,RB_RB.A78_1618936512240000000,2021,4,20,1,1,1,1
RB,RB.A45,1.61902296936e+18,RB_RB.A45_1619022969360000000,2021,4,21,1,1,1,1
RB,RB.A78,1.61901903616e+18,RB_RB.A78_1619019036160000000,2021,4,21,1,1,0,0
RB,RB.A78,1.61902323584e+18,RB_RB.A78_1619023235840000000,2021,4,21,1,1,0,0
RB,RB.A78,1.61902939046e+18,RB_RB.A78_1619029390460000000,2021,4,21,1,1,1,1
RB,RB.A34,1.61903282778e+18,RB_RB.A34_1619032827780000000,2021,4,21,1,1,1,1
RB,RB.A78,1.61906915434e+18,RB_RB.A78_1619069154340000000,2021,4,22,1,1,1,1
RB,RB.A45,1.6190711236e+18,RB_RB.A45_1619071123600000000,2021,4,22,1,1,1,1
RB,RB.A34,1.61907414874e+18,RB_RB.A34_1619074148740000000,2021,4,22,1,1,1,1
RB,RB.A45,1.61909545894e+18,RB_RB.A45_1619095458940000000,2021,4,22,1,1,1,1
RB,RB.A78,1.61910386132e+18,RB_RB.A78_1619103861320000000,2021,4,22,1,1,1,1
RB,RB.A34,1.6191067008e+18,RB_RB.A34_1619106700800000000,2021,4,22,1,1,1,1
RB,RB.A45,1.61912232768e+18,RB_RB.A45_1619122327680000000,2021,4,22,1,1,1,1
RB,RB.A78,1.61915507402e+18,RB_RB.A78_1619155074020000000,2021,4,23,1,1,1,1
RB,RB.A34,1.6191570536e+18,RB_RB.A34_1619157053600000000,2021,4,23,1,1,1,1
RB,RB.A45,1.61915824718e+18,RB_RB.A45_1619158247180000000,2021,4,23,1,1,1,1
RB,RB.A34,1.61918784872e+18,RB_RB.A34_1619187848720000000,2021,4,23,1,1,1,1
RB,RB.A45,1.61919083702e+18,RB_RB.A45_1619190837020000000,2021,4,23,1,1,1,1
RB,RB.A12,1.6191961606e+18,RB_RB.A12_1619196160600000000,2021,4,23,1,1,1,1
RB,RB.A78,1.61920314364e+18,RB_RB.A78_1619203143640000000,2021,4,23,1,1,1,1
RB,RB.A45,1.61924188182e+18,RB_RB.A45_1619241881820000000,2021,4,24,1,1,1,1
RB,RB.A12,1.61924435844e+18,RB_RB.A12_1619244358440000000,2021,4,24,1,1,1,1
RB,RB.A78,1.61924599166e+18,RB_RB.A78_1619245991660000000,2021,4,24,1,1,1,1
RB,RB.A34,1.61924789202e+18,RB_RB.A34_1619247892020000000,2021,4,24,1,1,1,1
RB,RB.A34,1.61926787604e+18,RB_RB.A34_1619267876040000000,2021,4,24,1,1,1,1
RB,RB.A45,1.61928123822e+18,RB_RB.A45_1619281238220000000,2021,4,24,1,1,1,1
RB,RB.A34,1.61929041872e+18,RB_RB.A34_1619290418720000000,2021,4,24,1,1,1,1
RB,RB.A45,1.61932838966e+18,RB_RB.A45_1619328389660000000,2021,4,25,1,1,1,1
RB,RB.A78,1.61933014344e+18,RB_RB.A78_1619330143440000000,2021,4,25,1,1,1,1
RB,RB.A34,1.61933215562e+18,RB_RB.A34_1619332155620000000,2021,4,25,1,1,1,1
RB,RB.A12,1.61934912554e+18,RB_RB.A12_1619349125540000000,2021,4,25,1,1,1,1
RB,RB.A34,1.61936106348e+18,RB_RB.A34_1619361063480000000,2021,4,25,1,1,1,1
RB,RB.A45,1.61936977466e+18,RB_RB.A45_1619369774660000000,2021,4,25,1,1,1,1
RB,RB.A12,1.61937454108e+18,RB_RB.A12_1619374541080000000,2021,4,25,1,1,1,1
RB,RB.A34,1.61941563796e+18,RB_RB.A34_1619415637960000000,2021,4,26,1,1,1,1
RB,RB.A12,1.61941717104e+18,RB_RB.A12_1619417171040000000,2021,4,26,1,1,1,1
RB,RB.A45,1.61941951164e+18,RB_RB.A45_1619419511640000000,2021,4,26,1,1,1,1
RB,RB.A45,1.6194583526e+18,RB_RB.A45_1619458352600000000,2021,4,26,1,1,1,1
RB,RB.A12,1.61946208882e+18,RB_RB.A12_1619462088820000000,2021,4,26,1,1,1,1
RB,RB.A34,1.61946624452e+18,RB_RB.A34_1619466244520000000,2021,4,26,1,1,1,1
RB,RB.A12,1.61950072032e+18,RB_RB.A12_1619500720320000000,2021,4,27,1,1,1,1
RB,RB.A45,1.61950393128e+18,RB_RB.A45_1619503931280000000,2021,4,27,1,1,1,1
RB,RB.A34,1.61951851492e+18,RB_RB.A34_1619518514920000000,2021,4,27,1,1,1,1
RB,RB.A12,1.61952842234e+18,RB_RB.A12_1619528422340000000,2021,4,27,1,1,1,1
RB,RB.A45,1.61953974766e+18,RB_RB.A45_1619539747660000000,2021,4,27,1,1,1,1
RB,RB.A34,1.61955333928e+18,RB_RB.A34_1619553339280000000,2021,4,27,1,1,1,1
RB,RB.A12,1.61958689268e+18,RB_RB.A12_1619586892680000000,2021,4,28,1,1,1,1
RB,RB.A45,1.61958950678e+18,RB_RB.A45_1619589506780000000,2021,4,28,1,1,1,1
RB,RB.A34,1.61959158688e+18,RB_RB.A34_1619591586880000000,2021,4,28,1,1,1,1
RB,RB.A45,1.61962427786e+18,RB_RB.A45_1619624277860000000,2021,4,28,1,1,1,1
RB,RB.A12,1.61964247152e+18,RB_RB.A12_1619642471520000000,2021,4,28,1,1,1,1
RB,RB.A12,1.61967443502e+18,RB_RB.A12_1619674435020000000,2021,4,29,1,1,1,1
RB,RB.A45,1.61967755842e+18,RB_RB.A45_1619677558420000000,2021,4,29,1,1,1,1
RB,RB.A34,1.61968209978e+18,RB_RB.A34_1619682099780000000,2021,4,29,1,1,1,1
RB,RB.A34,1.61972824208e+18,RB_RB.A34_1619728242080000000,2021,4,29,1,1,1,1
RB,RB.A12,1.61973014052e+18,RB_RB.A12_1619730140520000000,2021,4,29,1,1,1,1
RB,RB.A45,1.61976069938e+18,RB_RB.A45_1619760699380000000,2021,4,30,1,1,1,1
RB,RB.A34,1.61976296876e+18,RB_RB.A34_1619762968760000000,2021,4,30,1,1,1,1
RB,RB.A45,1.6198009413e+18,RB_RB.A45_1619800941300000000,2021,4,30,1,1,1,1
RB,RB.A12,1.61980454328e+18,RB_RB.A12_1619804543280000000,2021,4,30,1,1,1,1
RB,RB.A34,1.61981042158e+18,RB_RB.A34_1619810421580000000,2021,4,30,1,1,1,1
RB,RB.A45,1.61984690148e+18,RB_RB.A45_1619846901480000000,2021,5,1,1,1,1,1
RB,RB.A34,1.61985050128e+18,RB_RB.A34_1619850501280000000,2021,5,1,1,1,1,1
RB,RB.A12,1.61985987722e+18,RB_RB.A12_1619859877220000000,2021,5,1,1,1,1,1
RB,RB.A34,1.61989128898e+18,RB_RB.A34_1619891288980000000,2021,5,1,1,1,1,1
RB,RB.A45,1.61988595236e+18,RB_RB.A45_1619885952360000000,2021,5,1,1,1,1,1
RB,RB.A12,1.61989761654e+18,RB_RB.A12_1619897616540000000,2021,5,1,1,1,1,1
RB,RB.A45,1.6199331781e+18,RB_RB.A45_1619933178100000000,2021,5,2,1,1,1,1
RB,RB.A12,1.61993595586e+18,RB_RB.A12_1619935955860000000,2021,5,2,1,1,1,1
RB,RB.A12,1.61997161708e+18,RB_RB.A12_1619971617080000000,2021,5,2,1,1,1,1
RB,RB.A45,1.61997665562e+18,RB_RB.A45_1619976655620000000,2021,5,2,1,1,1,1
RB,RB.A45,1.6200192407e+18,RB_RB.A45_1620019240700000000,2021,5,3,1,1,1,1
RB,RB.A12,1.62002687264e+18,RB_RB.A12_1620026872640000000,2021,5,3,1,1,1,1
RB,RB.A45,1.62005316126e+18,RB_RB.A45_1620053161260000000,2021,5,3,1,1,1,1
RB,RB.A12,1.62006138664e+18,RB_RB.A12_1620061386640000000,2021,5,3,1,1,1,1
RB,RB.A34,1.62010548336e+18,RB_RB.A34_1620105483360000000,2021,5,4,1,1,1,1
RB,RB.A45,1.62010962066e+18,RB_RB.A45_1620109620660000000,2021,5,4,1,1,1,1
RB,RB.A12,1.62011254376e+18,RB_RB.A12_1620112543760000000,2021,5,4,1,1,1,1
RB,RB.A34,1.6201493703e+18,RB_RB.A34_1620149370300000000,2021,5,4,1,1,1,1
RB,RB.A12,1.62015257278e+18,RB_RB.A12_1620152572780000000,2021,5,4,1,1,1,1
RB,RB.A45,1.62015606092e+18,RB_RB.A45_1620156060920000000,2021,5,4,1,1,1,1
RB,RB.A12,1.62019663854e+18,RB_RB.A12_1620196638540000000,2021,5,5,1,1,1,1
RB,RB.A45,1.6201996339e+18,RB_RB.A45_1620199633900000000,2021,5,5,1,1,1,1
RB,RB.A34,1.62022817782e+18,RB_RB.A34_1620228177820000000,2021,5,5,1,1,1,1
RB,RB.A45,1.6202328738e+18,RB_RB.A45_1620232873800000000,2021,5,5,1,1,1,1
RB,RB.A12,1.62024457254e+18,RB_RB.A12_1620244572540000000,2021,5,5,1,1,1,1
RB,RB.A12,1.62027873182e+18,RB_RB.A12_1620278731820000000,2021,5,6,1,1,1,1
RB,RB.A34,1.6202810277e+18,RB_RB.A34_1620281027700000000,2021,5,6,1,1,1,1
RB,RB.A45,1.6202852488e+18,RB_RB.A45_1620285248800000000,2021,5,6,1,1,1,1
RB,RB.A34,1.62032372232e+18,RB_RB.A34_1620323722320000000,2021,5,6,1,1,1,1
RB,RB.A45,1.62032671274e+18,RB_RB.A45_1620326712740000000,2021,5,6,1,1,1,1
RB,RB.A12,1.62033270758e+18,RB_RB.A12_1620332707580000000,2021,5,6,1,1,1,1
RB,RB.A45,1.62036709102e+18,RB_RB.A45_1620367091020000000,2021,5,7,1,1,1,1
RB,RB.A45,1.62040451794e+18,RB_RB.A45_1620404517940000000,2021,5,7,1,1,1,1
RB,RB.A34,1.62040963294e+18,RB_RB.A34_1620409632940000000,2021,5,7,1,1,1,1
RB,RB.A12,1.62041264168e+18,RB_RB.A12_1620412641680000000,2021,5,7,1,1,1,1
RB,RB.A45,1.62045103434e+18,RB_RB.A45_1620451034340000000,2021,5,8,1,1,1,1
RB,RB.A12,1.6204626804e+18,RB_RB.A12_1620462680400000000,2021,5,8,1,1,1,1
RB,RB.A34,1.62046483934e+18,RB_RB.A34_1620464839340000000,2021,5,8,1,1,1,1
RB,RB.A45,1.62047790886e+18,RB_RB.A45_1620477908860000000,2021,5,8,1,1,1,1
RB,RB.A56,1.62048988264e+18,RB_RB.A56_1620489882640000000,2021,5,8,1,1,0,0
RB,RB.A12,1.62050372876e+18,RB_RB.A12_1620503728760000000,2021,5,8,1,1,1,1
RB,RB.A45,1.6205375075e+18,RB_RB.A45_1620537507500000000,2021,5,9,1,1,1,1
RB,RB.A12,1.62054776732e+18,RB_RB.A12_1620547767320000000,2021,5,9,1,1,1,1
RB,RB.A45,1.62056279334e+18,RB_RB.A45_1620562793340000000,2021,5,9,1,1,1,1
RB,RB.A45,1.62058396564e+18,RB_RB.A45_1620583965640000000,2021,5,9,1,1,1,1
RB,RB.A23,1.62058626384e+18,RB_RB.A23_1620586263840000000,2021,5,9,1,1,1,1
RB,RB.A12,1.62062366642e+18,RB_RB.A12_1620623666420000000,2021,5,10,1,1,1,1
RB,RB.A45,1.62062626156e+18,RB_RB.A45_1620626261560000000,2021,5,10,1,1,1,1
RB,RB.A23,1.62062792576e+18,RB_RB.A23_1620627925760000000,2021,5,10,1,1,1,1
RB,RB.A23,1.62065478744e+18,RB_RB.A23_1620654787440000000,2021,5,10,1,1,1,1
RB,RB.A45,1.6206612331e+18,RB_RB.A45_1620661233100000000,2021,5,10,1,1,1,1
RB,RB.A12,1.62067304716e+18,RB_RB.A12_1620673047160000000,2021,5,10,1,1,1,1
RB,RB.A45,1.62071048346e+18,RB_RB.A45_1620710483460000000,2021,5,11,1,1,1,1
RB,RB.A23,1.62071452792e+18,RB_RB.A23_1620714527920000000,2021,5,11,1,1,1,1
RB,RB.A12,1.62071726414e+18,RB_RB.A12_1620717264140000000,2021,5,11,1,1,1,1
RB,RB.A12,1.62074324106e+18,RB_RB.A12_1620743241060000000,2021,5,11,1,1,1,1
RB,RB.A45,1.62074904846e+18,RB_RB.A45_1620749048460000000,2021,5,11,1,1,1,1
RB,RB.A23,1.62076299856e+18,RB_RB.A23_1620762998560000000,2021,5,11,1,1,1,1
RB,RB.A45,1.62079754782e+18,RB_RB.A45_1620797547820000000,2021,5,12,1,1,1,1
RB,RB.A12,1.62079989184e+18,RB_RB.A12_1620799891840000000,2021,5,12,1,1,1,1
RB,RB.A23,1.62080263942e+18,RB_RB.A23_1620802639420000000,2021,5,12,1,1,1,1
RB,RB.A23,1.62082961444e+18,RB_RB.A23_1620829614440000000,2021,5,12,1,1,1,1
RB,RB.A12,1.6208315565e+18,RB_RB.A12_1620831556500000000,2021,5,12,1,1,1,1
RB,RB.A45,1.62083912352e+18,RB_RB.A45_1620839123520000000,2021,5,12,1,1,1,1
RB,RB.A12,1.6208837053e+18,RB_RB.A12_1620883705300000000,2021,5,13,1,1,1,1
RB,RB.A23,1.62088616918e+18,RB_RB.A23_1620886169180000000,2021,5,13,1,1,1,1
RB,RB.A45,1.62088877406e+18,RB_RB.A45_1620888774060000000,2021,5,13,1,1,1,1
RB,RB.A23,1.6209235938e+18,RB_RB.A23_1620923593800000000,2021,5,13,1,1,1,1
RB,RB.A12,1.6209273096e+18,RB_RB.A12_1620927309600000000,2021,5,13,1,1,1,1
RB,RB.A45,1.62092997424e+18,RB_RB.A45_1620929974240000000,2021,5,13,1,1,1,1
RB,RB.A12,1.62097012742e+18,RB_RB.A12_1620970127420000000,2021,5,14,1,1,1,1
RB,RB.A23,1.62097253728e+18,RB_RB.A23_1620972537280000000,2021,5,14,1,1,1,1
RB,RB.A45,1.62097530838e+18,RB_RB.A45_1620975308380000000,2021,5,14,1,1,1,1
RB,RB.A45,1.62100142284e+18,RB_RB.A45_1621001422840000000,2021,5,14,1,1,1,1
RB,RB.A12,1.62101481992e+18,RB_RB.A12_1621014819920000000,2021,5,14,1,1,1,1
RB,RB.A23,1.62101829516e+18,RB_RB.A23_1621018295160000000,2021,5,14,1,1,1,1
RB,RB.A12,1.6210560618e+18,RB_RB.A12_1621056061800000000,2021,5,15,1,1,1,1
RB,RB.A23,1.6210584391e+18,RB_RB.A23_1621058439100000000,2021,5,15,1,1,1,1
RB,RB.A45,1.62106058546e+18,RB_RB.A45_1621060585460000000,2021,5,15,1,1,1,1
RB,RB.A23,1.6210889377e+18,RB_RB.A23_1621088937700000000,2021,5,15,1,1,1,1
RB,RB.A45,1.62109853198e+18,RB_RB.A45_1621098531980000000,2021,5,15,1,1,1,1
RB,RB.A12,1.62110546836e+18,RB_RB.A12_1621105468360000000,2021,5,15,1,1,1,1
RB,RB.A23,1.62111309144e+18,RB_RB.A23_1621113091440000000,2021,5,15,1,1,1,1
RB,RB.A45,1.62114858512e+18,RB_RB.A45_1621148585120000000,2021,5,16,1,1,1,1
RB,RB.A23,1.62115198686e+18,RB_RB.A23_1621151986860000000,2021,5,16,1,1,1,1
RB,RB.A12,1.62115850238e+18,RB_RB.A12_1621158502380000000,2021,5,16,1,1,1,1
RB,RB.A23,1.62117575734e+18,RB_RB.A23_1621175757340000000,2021,5,16,1,1,1,1
RB,RB.A45,1.62118034402e+18,RB_RB.A45_1621180344020000000,2021,5,16,1,1,1,1
RB,RB.A12,1.6211899921e+18,RB_RB.A12_1621189992100000000,2021,5,16,1,1,1,1
RB,RB.A12,1.62122799686e+18,RB_RB.A12_1621227996860000000,2021,5,17,1,1,1,1
RB,RB.A23,1.62123347192e+18,RB_RB.A23_1621233471920000000,2021,5,17,1,1,1,1
RB,RB.A45,1.62123043182e+18,RB_RB.A45_1621230431820000000,2021,5,17,1,1,1,1
RB,RB.A12,1.62127499292e+18,RB_RB.A12_1621274992920000000,2021,5,17,1,1,1,1
RB,RB.A45,1.62127792778e+18,RB_RB.A45_1621277927780000000,2021,5,17,1,1,1,1
RB,RB.A45,1.6213146745e+18,RB_RB.A45_1621314674500000000,2021,5,18,1,1,1,1
RB,RB.A23,1.62131684866e+18,RB_RB.A23_1621316848660000000,2021,5,18,1,1,1,1
RB,RB.A12,1.62136236952e+18,RB_RB.A12_1621362369520000000,2021,5,18,1,1,1,1
RB,RB.A45,1.6213654949e+18,RB_RB.A45_1621365494900000000,2021,5,18,1,1,1,1
RB,RB.A12,1.62140111322e+18,RB_RB.A12_1621401113220000000,2021,5,19,1,1,1,1
RB,RB.A45,1.62140431536e+18,RB_RB.A45_1621404315360000000,2021,5,19,1,1,1,1
RB,RB.A23,1.6214225345e+18,RB_RB.A23_1621422534500000000,2021,5,19,1,1,1,1
RB,RB.A45,1.62144428152e+18,RB_RB.A45_1621444281520000000,2021,5,19,1,1,1,1
RB,RB.A12,1.62144724002e+18,RB_RB.A12_1621447240020000000,2021,5,19,1,1,1,1
RB,RB.A23,1.62145332718e+18,RB_RB.A23_1621453327180000000,2021,5,19,1,1,1,1
RB,RB.A56,1.62148708604e+18,RB_RB.A56_1621487086040000000,2021,5,20,1,1,1,1
RB,RB.A45,1.62148952506e+18,RB_RB.A45_1621489525060000000,2021,5,20,1,1,1,1
RB,RB.A12,1.6214922372e+18,RB_RB.A12_1621492237200000000,2021,5,20,1,1,1,1
RB,RB.A23,1.62149440364e+18,RB_RB.A23_1621494403640000000,2021,5,20,1,1,1,1
RB,RB.A56,1.62152852234e+18,RB_RB.A56_1621528522340000000,2021,5,20,1,1,1,1
RB,RB.A45,1.62153106e+18,RB_RB.A45_1621531060000000000,2021,5,20,1,1,1,1
RB,RB.A23,1.62153926176e+18,RB_RB.A23_1621539261760000000,2021,5,20,1,1,1,1
RB,RB.A56,1.62157425466e+18,RB_RB.A56_1621574254660000000,2021,5,21,1,1,1,1
RB,RB.A45,1.62157719666e+18,RB_RB.A45_1621577196660000000,2021,5,21,1,1,1,1
RB,RB.A12,1.62157975686e+18,RB_RB.A12_1621579756860000000,2021,5,21,1,1,1,1
RB,RB.A12,1.6216117764e+18,RB_RB.A12_1621611776400000000,2021,5,21,1,1,1,1
RB,RB.A56,1.62161546048e+18,RB_RB.A56_1621615460480000000,2021,5,21,1,1,1,1
RB,RB.A23,1.62161791164e+18,RB_RB.A23_1621617911640000000,2021,5,21,1,1,1,1
RB,RB.A45,1.621619992e+18,RB_RB.A45_1621619992000000000,2021,5,21,1,1,1,1
RB,RB.A45,1.62166041038e+18,RB_RB.A45_1621660410380000000,2021,5,22,1,1,1,1
RB,RB.A56,1.62166286262e+18,RB_RB.A56_1621662862620000000,2021,5,22,1,1,1,1
RB,RB.A12,1.62166580008e+18,RB_RB.A12_1621665800080000000,2021,5,22,1,1,1,1
RB,RB.A23,1.62167032034e+18,RB_RB.A23_1621670320340000000,2021,5,22,1,1,1,1
RB,RB.A45,1.6216861687e+18,RB_RB.A45_1621686168700000000,2021,5,22,1,1,1,1
RB,RB.A12,1.62169311732e+18,RB_RB.A12_1621693117320000000,2021,5,22,1,1,1,1
RB,RB.A56,1.62170398598e+18,RB_RB.A56_1621703985980000000,2021,5,22,1,1,1,1
RB,RB.A56,1.6217479771e+18,RB_RB.A56_1621747977100000000,2021,5,23,1,1,1,1
RB,RB.A12,1.62175033342e+18,RB_RB.A12_1621750333420000000,2021,5,23,1,1,1,1
RB,RB.A45,1.62175349364e+18,RB_RB.A45_1621753493640000000,2021,5,23,1,1,1,1
RB,RB.A23,1.621774006e+18,RB_RB.A23_1621774006000000000,2021,5,23,1,1,1,1
RB,RB.A45,1.62177989002e+18,RB_RB.A45_1621779890020000000,2021,5,23,1,1,1,1
RB,RB.A12,1.62178168396e+18,RB_RB.A12_1621781683960000000,2021,5,23,1,1,1,1
RB,RB.A56,1.62179647646e+18,RB_RB.A56_1621796476460000000,2021,5,23,1,1,1,1
RB,RB.A56,1.6218339706e+18,RB_RB.A56_1621833970600000000,2021,5,24,1,1,1,1
RB,RB.A23,1.62183651282e+18,RB_RB.A23_1621836512820000000,2021,5,24,1,1,1,1
RB,RB.A45,1.6218387063e+18,RB_RB.A45_1621838706300000000,2021,5,24,1,1,1,1
RB,RB.A12,1.62184241038e+18,RB_RB.A12_1621842410380000000,2021,5,24,1,1,1,1
RB,RB.A56,1.62186975046e+18,RB_RB.A56_1621869750460000000,2021,5,24,1,1,1,1
RB,RB.A45,1.62187335206e+18,RB_RB.A45_1621873352060000000,2021,5,24,1,1,1,1
RB,RB.A12,1.62187703004e+18,RB_RB.A12_1621877030040000000,2021,5,24,1,1,1,1
RB,RB.A23,1.6218807243e+18,RB_RB.A23_1621880724300000000,2021,5,24,1,1,1,1
RB,RB.A12,1.62191949238e+18,RB_RB.A12_1621919492380000000,2021,5,25,1,1,1,1
RB,RB.A45,1.62192362256e+18,RB_RB.A45_1621923622560000000,2021,5,25,1,1,1,1
RB,RB.A56,1.6219255551e+18,RB_RB.A56_1621925555100000000,2021,5,25,1,1,1,1
RB,RB.A23,1.62193946054e+18,RB_RB.A23_1621939460540000000,2021,5,25,1,1,1,1
RB,RB.A56,1.62194272388e+18,RB_RB.A56_1621942723880000000,2021,5,25,1,1,1,1
RB,RB.A45,1.62196047906e+18,RB_RB.A45_1621960479060000000,2021,5,25,1,1,1,1
RB,RB.A12,1.62196404196e+18,RB_RB.A12_1621964041960000000,2021,5,25,1,1,1,1
RB,RB.A23,1.62196963518e+18,RB_RB.A23_1621969635180000000,2021,5,25,1,1,1,1
RB,RB.A56,1.62197365604e+18,RB_RB.A56_1621973656040000000,2021,5,25,1,1,1,1
RB,RB.A12,1.62200561238e+18,RB_RB.A12_1622005612380000000,2021,5,26,1,1,1,1
RB,RB.A56,1.62200966516e+18,RB_RB.A56_1622009665160000000,2021,5,26,1,1,1,1
RB,RB.A12,1.622055292e+18,RB_RB.A12_1622055292000000000,2021,5,26,1,1,1,1
RB,RB.A56,1.62205952006e+18,RB_RB.A56_1622059520060000000,2021,5,26,1,1,1,1
RB,RB.A45,1.62206046494e+18,RB_RB.A45_1622060464940000000,2021,5,26,1,1,1,1
RB,RB.A12,1.62209236754e+18,RB_RB.A12_1622092367540000000,2021,5,27,1,1,1,1
RB,RB.A56,1.62209579262e+18,RB_RB.A56_1622095792620000000,2021,5,27,1,1,1,1
RB,RB.A56,1.62213053454e+18,RB_RB.A56_1622130534540000000,2021,5,27,1,1,1,1
RB,RB.A12,1.62213962138e+18,RB_RB.A12_1622139621380000000,2021,5,27,1,1,1,1
RB,RB.A56,1.6221785778e+18,RB_RB.A56_1622178577800000000,2021,5,28,1,1,1,1
RB,RB.A45,1.62222606956e+18,RB_RB.A45_1622226069560000000,2021,5,28,1,1,1,1
RB,RB.A56,1.62222893468e+18,RB_RB.A56_1622228934680000000,2021,5,28,1,1,1,1
RB,RB.A12,1.62223388466e+18,RB_RB.A12_1622233884660000000,2021,5,28,1,1,1,1
RB,RB.A12,1.6222710066e+18,RB_RB.A12_1622271006600000000,2021,5,29,1,1,1,1
RB,RB.A45,1.62230322696e+18,RB_RB.A45_1622303226960000000,2021,5,29,1,1,1,1
RB,RB.A12,1.6223076562e+18,RB_RB.A12_1622307656200000000,2021,5,29,1,1,1,1
RB,RB.A56,1.62231576892e+18,RB_RB.A56_1622315768920000000,2021,5,29,1,1,1,1
RB,RB.A12,1.62235257364e+18,RB_RB.A12_1622352573640000000,2021,5,30,1,1,1,1
RB,RB.A56,1.62235430116e+18,RB_RB.A56_1622354301160000000,2021,5,30,1,1,1,1
RB,RB.A45,1.62235682242e+18,RB_RB.A45_1622356822420000000,2021,5,30,1,1,1,1
RB,RB.A56,1.62237607618e+18,RB_RB.A56_1622376076180000000,2021,5,30,1,1,1,1
RB,RB.A45,1.62239447136e+18,RB_RB.A45_1622394471360000000,2021,5,30,1,1,1,1
RB,RB.A12,1.62240122058e+18,RB_RB.A12_1622401220580000000,2021,5,30,1,1,1,1
RB,RB.A56,1.62243799468e+18,RB_RB.A56_1622437994680000000,2021,5,31,1,1,1,1
RB,RB.A45,1.62243987524e+18,RB_RB.A45_1622439875240000000,2021,5,31,1,1,1,1
RB,RB.A12,1.6224436884e+18,RB_RB.A12_1622443688400000000,2021,5,31,1,1,1,1
RB,RB.A56,1.6224815233e+18,RB_RB.A56_1622481523300000000,2021,5,31,1,1,1,1
RB,RB.A45,1.62249319352e+18,RB_RB.A45_1622493193520000000,2021,5,31,1,1,1,1
RB,RB.A12,1.622524776e+18,RB_RB.A12_1622524776000000000,2021,6,1,1,1,1,1
RB,RB.A45,1.62256585542e+18,RB_RB.A45_1622565855420000000,2021,6,1,1,1,1,1
RB,RB.A56,1.62256830568e+18,RB_RB.A56_1622568305680000000,2021,6,1,1,1,1,1
RB,RB.A12,1.62257843336e+18,RB_RB.A12_1622578433360000000,2021,6,1,1,1,1,1
RB,RB.A12,1.6226521232e+18,RB_RB.A12_1622652123200000000,2021,6,2,1,1,1,1
RB,RB.A45,1.62265535882e+18,RB_RB.A45_1622655358820000000,2021,6,2,1,1,1,1
RB,RB.A56,1.62265725148e+18,RB_RB.A56_1622657251480000000,2021,6,2,1,1,1,1
RB,RB.A12,1.62269788418e+18,RB_RB.A12_1622697884180000000,2021,6,3,1,1,1,1
RB,RB.A45,1.62270098016e+18,RB_RB.A45_1622700980160000000,2021,6,3,1,1,1,1
RB,RB.A12,1.62273553606e+18,RB_RB.A12_1622735536060000000,2021,6,3,1,1,1,1
RB,RB.A45,1.6227427128e+18,RB_RB.A45_1622742712800000000,2021,6,3,1,1,1,1
RB,RB.A56,1.62275674894e+18,RB_RB.A56_1622756748940000000,2021,6,3,1,1,1,1
RB,RB.A12,1.6227907995e+18,RB_RB.A12_1622790799500000000,2021,6,4,1,1,1,1
RB,RB.A45,1.62278312e+18,RB_RB.A45_1622783120000000000,2021,6,4,1,1,1,1
RB,RB.A56,1.62280804526e+18,RB_RB.A56_1622808045260000000,2021,6,4,1,1,1,1
RB,RB.A12,1.6228215645e+18,RB_RB.A12_1622821564500000000,2021,6,4,1,1,1,1
RB,RB.A45,1.62284113992e+18,RB_RB.A45_1622841139920000000,2021,6,4,1,1,1,1
RB,RB.A12,1.6228761689e+18,RB_RB.A12_1622876168900000000,2021,6,5,1,1,1,1
RB,RB.A45,1.62288586618e+18,RB_RB.A45_1622885866180000000,2021,6,5,1,1,1,1
RB,RB.A45,1.62292071524e+18,RB_RB.A45_1622920715240000000,2021,6,5,1,1,1,1
RB,RB.A45,1.62297322878e+18,RB_RB.A45_1622973228780000000,2021,6,6,1,1,1,1
RB,RB.A45,1.62300282154e+18,RB_RB.A45_1623002821540000000,2021,6,6,1,1,1,1
RB,RB.A56,1.62308750276e+18,RB_RB.A56_1623087502760000000,2021,6,7,1,1,1,1
RB,RB.A56,1.6231293252e+18,RB_RB.A56_1623129325200000000,2021,6,8,1,1,1,1
RB,RB.A56,1.62318265332e+18,RB_RB.A56_1623182653320000000,2021,6,8,1,1,1,1
RB,RB.A56,1.62343277528e+18,RB_RB.A56_1623432775280000000,2021,6,11,1,1,1,1
RB,RB.A56,1.62348014216e+18,RB_RB.A56_1623480142160000000,2021,6,12,1,1,1,1
RB,RB.A56,1.62350900948e+18,RB_RB.A56_1623509009480000000,2021,6,12,1,1,1,1
RB,RB.A56,1.62356187888e+18,RB_RB.A56_1623561878880000000,2021,6,13,1,1,1,1
RB,RB.A56,1.62358574674e+18,RB_RB.A56_1623585746740000000,2021,6,13,1,1,1,1
RB,RB.A56,1.62361117402e+18,RB_RB.A56_1623611174020000000,2021,6,13,1,1,1,1
RB,RB.A56,1.62364836964e+18,RB_RB.A56_1623648369640000000,2021,6,14,1,1,1,1
RB,RB.A56,1.62368511716e+18,RB_RB.A56_1623685117160000000,2021,6,14,1,1,1,1
RB,RB.A56,1.62373432154e+18,RB_RB.A56_1623734321540000000,2021,6,15,1,1,1,1
RB,RB.A56,1.62375905356e+18,RB_RB.A56_1623759053560000000,2021,6,15,1,1,1,1
RB,RB.A56,1.62377971434e+18,RB_RB.A56_1623779714340000000,2021,6,15,1,1,1,1
RB,RB.A56,1.62382344984e+18,RB_RB.A56_1623823449840000000,2021,6,16,1,1,1,1
RB,RB.A56,1.62386509832e+18,RB_RB.A56_1623865098320000000,2021,6,16,1,1,1,1
RB,RB.A56,1.62390670112e+18,RB_RB.A56_1623906701120000000,2021,6,17,1,1,1,1
RB,RB.A56,1.62395201684e+18,RB_RB.A56_1623952016840000000,2021,6,17,1,1,1,1
RB,RB.A56,1.62399388864e+18,RB_RB.A56_1623993888640000000,2021,6,18,1,1,1,1
RB,RB.A56,1.62403464832e+18,RB_RB.A56_1624034648320000000,2021,6,18,1,1,1,1
RB,RB.A56,1.62408030342e+18,RB_RB.A56_1624080303420000000,2021,6,19,1,1,1,1
RB,RB.A56,1.62411529266e+18,RB_RB.A56_1624115292660000000,2021,6,19,1,1,1,1
RB,RB.A56,1.62417411978e+18,RB_RB.A56_1624174119780000000,2021,6,20,1,1,1,1
RB,RB.A56,1.6242005169e+18,RB_RB.A56_1624200516900000000,2021,6,20,1,1,1,1
RB,RB.A56,1.6242164547e+18,RB_RB.A56_1624216454700000000,2021,6,20,1,1,1,1
RB,RB.A56,1.62425281948e+18,RB_RB.A56_1624252819480000000,2021,6,21,1,1,1,1
RB,RB.A56,1.62429020514e+18,RB_RB.A56_1624290205140000000,2021,6,21,1,1,1,1
RB,RB.A56,1.62433958322e+18,RB_RB.A56_1624339583220000000,2021,6,22,1,1,1,1
RB,RB.A56,1.62437944298e+18,RB_RB.A56_1624379442980000000,2021,6,22,1,1,1,1
RB,RB.A56,1.62442603806e+18,RB_RB.A56_1624426038060000000,2021,6,23,1,1,1,1
RB,RB.A56,1.62446626748e+18,RB_RB.A56_1624466267480000000,2021,6,23,1,1,1,1
RB,RB.A56,1.62464014688e+18,RB_RB.A56_1624640146880000000,2021,6,25,1,1,1,1
RB,RB.A56,1.62468562142e+18,RB_RB.A56_1624685621420000000,2021,6,26,1,1,1,1
RB,RB.A56,1.62489817014e+18,RB_RB.A56_1624898170140000000,2021,6,28,1,1,1,1
RB,RB.A56,1.62494341324e+18,RB_RB.A56_1624943413240000000,2021,6,29,1,1,1,1
RB,RB.A56,1.62497267192e+18,RB_RB.A56_1624972671920000000,2021,6,29,1,1,1,1
RB,RB.A56,1.62499832902e+18,RB_RB.A56_1624998329020000000,2021,6,29,1,1,1,1
RB,RB.A56,1.62505534328e+18,RB_RB.A56_1625055343280000000,2021,6,30,1,1,1,1
RB,RB.A56,1.62507949146e+18,RB_RB.A56_1625079491460000000,2021,6,30,1,1,1,1
RB,RB.A56,1.62511657864e+18,RB_RB.A56_1625116578640000000,2021,7,1,1,1,1,1
RB,RB.A56,1.62515173376e+18,RB_RB.A56_1625151733760000000,2021,7,1,1,1,1,1
RB,RB.A56,1.62517324804e+18,RB_RB.A56_1625173248040000000,2021,7,1,1,1,1,1
RB,RB.A56,1.62520437216e+18,RB_RB.A56_1625204372160000000,2021,7,2,1,1,1,1
RB,RB.A56,1.62523806712e+18,RB_RB.A56_1625238067120000000,2021,7,2,1,1,1,1
RB,RB.A56,1.62546305818e+18,RB_RB.A56_1625463058180000000,2021,7,5,1,1,1,1
RB,RB.A56,1.62550732592e+18,RB_RB.A56_1625507325920000000,2021,7,5,1,1,1,1
RB,RB.A67,1.62551745056e+18,RB_RB.A67_1625517450560000000,2021,7,5,1,1,0,0
RB,RB.A56,1.62559596318e+18,RB_RB.A56_1625595963180000000,2021,7,6,1,1,1,1
RB,RB.A67,1.6261084018e+18,RB_RB.A67_1626108401800000000,2021,7,12,1,1,1,1
RB,RB.A67,1.62617575506e+18,RB_RB.A67_1626175755060000000,2021,7,13,1,1,1,1
RB,RB.A67,1.62620020494e+18,RB_RB.A67_1626200204940000000,2021,7,13,1,1,1,1
RB,RB.A67,1.62624082874e+18,RB_RB.A67_1626240828740000000,2021,7,14,1,1,1,1
RB,RB.A67,1.62628981296e+18,RB_RB.A67_1626289812960000000,2021,7,14,1,1,1,1
RB,RB.A67,1.62632822258e+18,RB_RB.A67_1626328222580000000,2021,7,15,1,1,1,1
RB,RB.A67,1.6263755721e+18,RB_RB.A67_1626375572100000000,2021,7,15,1,1,1,1
RB,RB.A67,1.62641277214e+18,RB_RB.A67_1626412772140000000,2021,7,16,1,1,1,1
RB,RB.A67,1.62645936052e+18,RB_RB.A67_1626459360520000000,2021,7,16,1,1,1,1
RB,RB.A67,1.6266719382e+18,RB_RB.A67_1626671938200000000,2021,7,19,1,1,1,1
RB,RB.A67,1.6267184332e+18,RB_RB.A67_1626718433200000000,2021,7,19,1,1,1,1
RB,RB.A67,1.62676243948e+18,RB_RB.A67_1626762439480000000,2021,7,20,1,1,1,1
RB,RB.A67,1.6268042848e+18,RB_RB.A67_1626804284800000000,2021,7,20,1,1,1,1
RB,RB.A67,1.62684457204e+18,RB_RB.A67_1626844572040000000,2021,7,21,1,1,1,1
RB,RB.A67,1.62689081644e+18,RB_RB.A67_1626890816440000000,2021,7,21,1,1,1,1
RB,RB.A67,1.62693260872e+18,RB_RB.A67_1626932608720000000,2021,7,22,1,1,1,1
RB,RB.A67,1.62697709468e+18,RB_RB.A67_1626977094680000000,2021,7,22,1,1,1,1
RB,RB.A67,1.62701809652e+18,RB_RB.A67_1627018096520000000,2021,7,23,1,1,1,1
RB,RB.A81,1.62705163528e+18,RB_RB.A81_1627051635280000000,2021,7,23,1,1,1,1
RB,RB.A81,1.62706595008e+18,RB_RB.A81_1627065950080000000,2021,7,23,1,1,1,1
RB,RB.A67,1.62706916344e+18,RB_RB.A67_1627069163440000000,2021,7,23,1,1,1,1
RB,RB.A67,1.62710395954e+18,RB_RB.A67_1627103959540000000,2021,7,24,1,1,1,1
RB,RB.A81,1.62710651044e+18,RB_RB.A81_1627106510440000000,2021,7,24,1,1,1,1
RB,RB.A56,1.62712105436e+18,RB_RB.A56_1627121054360000000,2021,7,24,1,1,1,1
RB,RB.A67,1.62715337692e+18,RB_RB.A67_1627153376920000000,2021,7,24,1,1,1,1
RB,RB.A67,1.62727639672e+18,RB_RB.A67_1627276396720000000,2021,7,26,1,1,1,1
RB,RB.A81,1.62727903668e+18,RB_RB.A81_1627279036680000000,2021,7,26,1,1,1,1
RB,RB.A67,1.62732689738e+18,RB_RB.A67_1627326897380000000,2021,7,26,1,1,1,1
RB,RB.A81,1.62731330166e+18,RB_RB.A81_1627313301660000000,2021,7,26,1,1,1,1
RB,RB.A81,1.62736279874e+18,RB_RB.A81_1627362798740000000,2021,7,27,1,1,1,1
RB,RB.A67,1.6274010189e+18,RB_RB.A67_1627401018900000000,2021,7,27,1,1,1,1
RB,RB.A81,1.62740418012e+18,RB_RB.A81_1627404180120000000,2021,7,27,1,1,1,1
RB,RB.A67,1.62744988832e+18,RB_RB.A67_1627449888320000000,2021,7,28,1,1,1,1
RB,RB.A81,1.62748648644e+18,RB_RB.A81_1627486486440000000,2021,7,28,1,1,1,1
RB,RB.A81,1.62753596622e+18,RB_RB.A81_1627535966220000000,2021,7,29,1,1,1,1
RB,RB.A81,1.62757155854e+18,RB_RB.A81_1627571558540000000,2021,7,29,1,1,1,1
RB,RB.A67,1.62757603192e+18,RB_RB.A67_1627576031920000000,2021,7,29,1,1,1,1
RB,RB.A81,1.627622264e+18,RB_RB.A81_1627622264000000000,2021,7,30,1,1,1,1
RB,RB.A67,1.62762492722e+18,RB_RB.A67_1627624927220000000,2021,7,30,1,1,1,1
RB,RB.A81,1.62765975034e+18,RB_RB.A81_1627659750340000000,2021,7,30,1,1,1,1
RB,RB.A67,1.62766291314e+18,RB_RB.A67_1627662913140000000,2021,7,30,1,1,1,1
RB,RB.A81,1.62771210786e+18,RB_RB.A81_1627712107860000000,2021,7,31,1,1,1,1
RB,RB.A81,1.6277954287e+18,RB_RB.A81_1627795428700000000,2021,8,1,1,1,1,1
RB,RB.A81,1.62782247472e+18,RB_RB.A81_1627822474720000000,2021,8,1,1,1,1,1
RB,RB.A81,1.62788125018e+18,RB_RB.A81_1627881250180000000,2021,8,2,1,1,1,1
RB,RB.A81,1.62792132294e+18,RB_RB.A81_1627921322940000000,2021,8,2,1,1,1,1
RB,RB.A81,1.6279676835e+18,RB_RB.A81_1627967683500000000,2021,8,3,1,1,1,1
RB,RB.A67,1.62800230112e+18,RB_RB.A67_1628002301120000000,2021,8,3,1,1,1,1
RB,RB.A81,1.62800780888e+18,RB_RB.A81_1628007808880000000,2021,8,3,1,1,1,1
RB,RB.A81,1.6280546851e+18,RB_RB.A81_1628054685100000000,2021,8,4,1,1,1,1
RB,RB.A67,1.62805642274e+18,RB_RB.A67_1628056422740000000,2021,8,4,1,1,1,1
RB,RB.A81,1.62809199758e+18,RB_RB.A81_1628091997580000000,2021,8,4,1,1,1,1
RB,RB.A67,1.62809901618e+18,RB_RB.A67_1628099016180000000,2021,8,4,1,1,1,1
RB,RB.A67,1.62814352642e+18,RB_RB.A67_1628143526420000000,2021,8,5,1,1,1,1
RB,RB.A81,1.62814112252e+18,RB_RB.A81_1628141122520000000,2021,8,5,1,1,1,1
RB,RB.A67,1.6281636546e+18,RB_RB.A67_1628163654600000000,2021,8,5,1,1,1,1
RB,RB.A81,1.62817871792e+18,RB_RB.A81_1628178717920000000,2021,8,5,1,1,1,1
RB,RB.A67,1.62818618896e+18,RB_RB.A67_1628186188960000000,2021,8,5,1,1,1,1
RB,RB.A67,1.6282277548e+18,RB_RB.A67_1628227754800000000,2021,8,6,1,1,1,1
RB,RB.A81,1.62824863306e+18,RB_RB.A81_1628248633060000000,2021,8,6,1,1,1,1
RB,RB.A67,1.6282702708e+18,RB_RB.A67_1628270270800000000,2021,8,6,1,1,1,1
RB,RB.A81,1.62827205306e+18,RB_RB.A81_1628272053060000000,2021,8,6,1,1,1,1
RB,RB.A67,1.62831405222e+18,RB_RB.A67_1628314052220000000,2021,8,7,1,1,1,1
RB,RB.A81,1.62831614488e+18,RB_RB.A81_1628316144880000000,2021,8,7,1,1,1,1
RB,RB.A81,1.62833467726e+18,RB_RB.A81_1628334677260000000,2021,8,7,1,1,1,1
RB,RB.A67,1.62835309338e+18,RB_RB.A67_1628353093380000000,2021,8,7,1,1,1,1
RB,RB.A81,1.62835793616e+18,RB_RB.A81_1628357936160000000,2021,8,7,1,1,1,1
RB,RB.A81,1.62839925374e+18,RB_RB.A81_1628399253740000000,2021,8,8,1,1,1,1
RB,RB.A81,1.62841741142e+18,RB_RB.A81_1628417411420000000,2021,8,8,1,1,1,1
RB,RB.A67,1.62843213446e+18,RB_RB.A67_1628432134460000000,2021,8,8,1,1,1,1
RB,RB.A81,1.62848620968e+18,RB_RB.A81_1628486209680000000,2021,8,9,1,1,1,1
RB,RB.A67,1.6284876573e+18,RB_RB.A67_1628487657300000000,2021,8,9,1,1,1,1
RB,RB.A67,1.62853565468e+18,RB_RB.A67_1628535654680000000,2021,8,9,1,1,1,1
RB,RB.A67,1.62857468704e+18,RB_RB.A67_1628574687040000000,2021,8,10,1,1,1,1
RB,RB.A81,1.62857272282e+18,RB_RB.A81_1628572722820000000,2021,8,10,1,1,1,1
RB,RB.A81,1.6286055627e+18,RB_RB.A81_1628605562700000000,2021,8,10,1,1,1,1
RB,RB.A67,1.62862421102e+18,RB_RB.A67_1628624211020000000,2021,8,10,1,1,1,1
RB,RB.A81,1.62862982622e+18,RB_RB.A81_1628629826220000000,2021,8,10,1,1,1,1
RB,RB.A81,1.6286637716e+18,RB_RB.A81_1628663771600000000,2021,8,11,1,1,1,1
RB,RB.A67,1.62870249818e+18,RB_RB.A67_1628702498180000000,2021,8,11,1,1,1,1
RB,RB.A81,1.62869798968e+18,RB_RB.A81_1628697989680000000,2021,8,11,1,1,1,1
RB,RB.A67,1.62874502474e+18,RB_RB.A67_1628745024740000000,2021,8,12,1,1,1,1
RB,RB.A81,1.628746686e+18,RB_RB.A81_1628746686000000000,2021,8,12,1,1,1,1
RB,RB.A81,1.62876974674e+18,RB_RB.A81_1628769746740000000,2021,8,12,1,1,1,1
RB,RB.A67,1.6287815998e+18,RB_RB.A67_1628781599800000000,2021,8,12,1,1,1,1
RB,RB.A81,1.62879411076e+18,RB_RB.A81_1628794110760000000,2021,8,12,1,1,1,1
RB,RB.A67,1.62883186594e+18,RB_RB.A67_1628831865940000000,2021,8,13,1,1,1,1
RB,RB.A81,1.62883805956e+18,RB_RB.A81_1628838059560000000,2021,8,13,1,1,1,1
RB,RB.A67,1.62886539528e+18,RB_RB.A67_1628865395280000000,2021,8,13,1,1,1,1
RB,RB.A81,1.62888295508e+18,RB_RB.A81_1628882955080000000,2021,8,13,1,1,1,1
RB,RB.A67,1.62889151688e+18,RB_RB.A67_1628891516880000000,2021,8,13,1,1,1,1
RB,RB.A81,1.62909293028e+18,RB_RB.A81_1629092930280000000,2021,8,16,1,1,1,1
RB,RB.A67,1.62910909234e+18,RB_RB.A67_1629109092340000000,2021,8,16,1,1,1,1
RB,RB.A67,1.62913441914e+18,RB_RB.A67_1629134419140000000,2021,8,16,1,1,1,1
RB,RB.A81,1.62913772642e+18,RB_RB.A81_1629137726420000000,2021,8,16,1,1,1,1
RB,RB.A67,1.6291780535e+18,RB_RB.A67_1629178053500000000,2021,8,17,1,1,1,1
RB,RB.A81,1.62918089154e+18,RB_RB.A81_1629180891540000000,2021,8,17,1,1,1,1
RB,RB.A81,1.62921374652e+18,RB_RB.A81_1629213746520000000,2021,8,17,1,1,1,1
RB,RB.A67,1.6292170909e+18,RB_RB.A67_1629217090900000000,2021,8,17,1,1,1,1
RB,RB.A81,1.62926484698e+18,RB_RB.A81_1629264846980000000,2021,8,18,1,1,1,1
RB,RB.A67,1.62926498296e+18,RB_RB.A67_1629264982960000000,2021,8,18,1,1,1,1
RB,RB.A67,1.62929368622e+18,RB_RB.A67_1629293686220000000,2021,8,18,1,1,1,1
RB,RB.A81,1.62931393022e+18,RB_RB.A81_1629313930220000000,2021,8,18,1,1,1,1
RB,RB.A67,1.6293191263e+18,RB_RB.A67_1629319126300000000,2021,8,18,1,1,1,1
RB,RB.A67,1.62936021374e+18,RB_RB.A67_1629360213740000000,2021,8,19,1,1,1,1
RB,RB.A81,1.62936859086e+18,RB_RB.A81_1629368590860000000,2021,8,19,1,1,1,1
RB,RB.A67,1.62938803864e+18,RB_RB.A67_1629388038640000000,2021,8,19,1,1,1,1
RB,RB.A81,1.62940104852e+18,RB_RB.A81_1629401048520000000,2021,8,19,1,1,1,1
RB,RB.A67,1.62943661416e+18,RB_RB.A67_1629436614160000000,2021,8,20,1,1,1,1
RB,RB.A81,1.62943885356e+18,RB_RB.A81_1629438853560000000,2021,8,20,1,1,1,1
RB,RB.A67,1.62947022766e+18,RB_RB.A67_1629470227660000000,2021,8,20,1,1,1,1
RB,RB.A67,1.629700689e+18,RB_RB.A67_1629700689000000000,2021,8,23,1,1,1,1
RB,RB.A81,1.62973845676e+18,RB_RB.A81_1629738456760000000,2021,8,23,1,1,1,1
RB,RB.A81,1.62978224326e+18,RB_RB.A81_1629782243260000000,2021,8,24,1,1,1,1
RB,RB.A67,1.62982224942e+18,RB_RB.A67_1629822249420000000,2021,8,24,1,1,1,1
RB,RB.A81,1.62983127976e+18,RB_RB.A81_1629831279760000000,2021,8,24,1,1,1,1
RB,RB.A81,1.62991172566e+18,RB_RB.A81_1629911725660000000,2021,8,25,1,1,1,1
RB,RB.A81,1.62995619544e+18,RB_RB.A81_1629956195440000000,2021,8,26,1,1,1,1
RB,RB.A81,1.62999549358e+18,RB_RB.A81_1629995493580000000,2021,8,26,1,1,1,1
RB,RB.A78,1.63574560194e+18,RB_RB.A78_1635745601940000000,2021,11,1,1,1,1,1
RB,RB.A78,1.63583409416e+18,RB_RB.A78_1635834094160000000,2021,11,2,1,1,1,1
RB,RB.A78,1.63587255836e+18,RB_RB.A78_1635872558360000000,2021,11,2,1,1,1,1
RB,RB.A78,1.63592162876e+18,RB_RB.A78_1635921628760000000,2021,11,3,1,1,1,1
RB,RB.A78,1.6359597728e+18,RB_RB.A78_1635959772800000000,2021,11,3,1,1,1,1
RB,RB.A78,1.63600648614e+18,RB_RB.A78_1636006486140000000,2021,11,4,1,1,1,1
RB,RB.A78,1.63604547316e+18,RB_RB.A78_1636045473160000000,2021,11,4,1,1,1,1
RB,RB.A78,1.63609411936e+18,RB_RB.A78_1636094119360000000,2021,11,5,1,1,1,1
RB,RB.A78,1.63612920514e+18,RB_RB.A78_1636129205140000000,2021,11,5,1,1,1,1
RB,RB.A23,1.63614354468e+18,RB_RB.A23_1636143544680000000,2021,11,5,1,1,1,1
RB,RB.A23,1.6361886423e+18,RB_RB.A23_1636188642300000000,2021,11,6,1,1,1,1
RB,RB.A78,1.63619043922e+18,RB_RB.A78_1636190439220000000,2021,11,6,1,1,1,1
RB,RB.A23,1.6362757794e+18,RB_RB.A23_1636275779400000000,2021,11,7,1,1,1,1
RB,RB.A78,1.63635595634e+18,RB_RB.A78_1636355956340000000,2021,11,8,1,1,1,1
RB,RB.A23,1.6364444896e+18,RB_RB.A23_1636444489600000000,2021,11,9,1,1,1,1
RB,RB.A78,1.6364585885e+18,RB_RB.A78_1636458588500000000,2021,11,9,1,1,1,1
RB,RB.A23,1.63648812412e+18,RB_RB.A23_1636488124120000000,2021,11,9,1,1,1,1
RB,RB.A78,1.63652782126e+18,RB_RB.A78_1636527821260000000,2021,11,10,1,1,1,1
RB,RB.A78,1.63656954476e+18,RB_RB.A78_1636569544760000000,2021,11,10,1,1,1,1
RB,RB.A78,1.6366541319e+18,RB_RB.A78_1636654131900000000,2021,11,11,1,1,1,1
RB,RB.A78,1.63669894074e+18,RB_RB.A78_1636698940740000000,2021,11,12,1,1,1,1
RB,RB.A78,1.63674001262e+18,RB_RB.A78_1636740012620000000,2021,11,12,1,1,1,1
RB,RB.A78,1.63680666104e+18,RB_RB.A78_1636806661040000000,2021,11,13,1,1,1,1
RB,RB.A78,1.63687560628e+18,RB_RB.A78_1636875606280000000,2021,11,14,1,1,1,1
RB,RB.A78,1.63695651414e+18,RB_RB.A78_1636956514140000000,2021,11,15,1,1,1,1
RB,RB.A78,1.63700254984e+18,RB_RB.A78_1637002549840000000,2021,11,15,1,1,1,1
RB,RB.A56,1.64572661806e+18,RB_RB.A56_1645726618060000000,2022,2,24,1,1,1,1
RB,RB.A67,1.64608108404e+18,RB_RB.A67_1646081084040000000,2022,2,28,1,0,0,0
RB,RB.A81,1.64615714618e+18,RB_RB.A81_1646157146180000000,2022,3,1,1,1,1,1
RB,RB.A23,1.64693393244e+18,RB_RB.A23_1646933932440000000,2022,3,10,1,1,1,1
RB,RB.A23,1.64702957042e+18,RB_RB.A23_1647029570420000000,2022,3,11,1,1,1,1
RB,RB.A23,1.64707307624e+18,RB_RB.A23_1647073076240000000,2022,3,12,1,1,1,1
RB,RB.A23,1.64710097464e+18,RB_RB.A23_1647100974640000000,2022,3,12,1,1,1,1
RB,RB.A23,1.6471588314e+18,RB_RB.A23_1647158831400000000,2022,3,13,1,1,1,1
RB,RB.A23,1.64719559226e+18,RB_RB.A23_1647195592260000000,2022,3,13,1,1,1,1
RB,RB.A23,1.64728432786e+18,RB_RB.A23_1647284327860000000,2022,3,14,1,1,1,1
RB,RB.A23,1.64732500904e+18,RB_RB.A23_1647325009040000000,2022,3,15,1,1,1,1
RB,RB.A23,1.64737328754e+18,RB_RB.A23_1647373287540000000,2022,3,15,1,1,1,1
RB,RB.A23,1.64741052006e+18,RB_RB.A23_1647410520060000000,2022,3,16,1,1,1,1
RB,RB.A23,1.6474596174e+18,RB_RB.A23_1647459617400000000,2022,3,16,1,1,1,1
RB,RB.A23,1.6475442318e+18,RB_RB.A23_1647544231800000000,2022,3,17,1,1,1,1
RB,RB.A23,1.6475865002e+18,RB_RB.A23_1647586500200000000,2022,3,18,1,1,1,1
RB,RB.A23,1.6476680744e+18,RB_RB.A23_1647668074400000000,2022,3,19,1,1,1,1
RB,RB.A23,1.64769178248e+18,RB_RB.A23_1647691782480000000,2022,3,19,1,1,1,1
RB,RB.A23,1.6477257646e+18,RB_RB.A23_1647725764600000000,2022,3,19,1,1,1,1
RB,RB.A23,1.64776878724e+18,RB_RB.A23_1647768787240000000,2022,3,20,1,1,1,1
RB,RB.A23,1.64779819514e+18,RB_RB.A23_1647798195140000000,2022,3,20,1,1,1,1
RB,RB.A23,1.64789148108e+18,RB_RB.A23_1647891481080000000,2022,3,21,1,1,1,1
RB,RB.A23,1.64792943634e+18,RB_RB.A23_1647929436340000000,2022,3,22,1,1,1,1
RB,RB.A23,1.64797766572e+18,RB_RB.A23_1647977665720000000,2022,3,22,1,1,1,1
RB,RB.A23,1.64802113506e+18,RB_RB.A23_1648021135060000000,2022,3,23,1,1,1,1
RB,RB.A23,1.64806375138e+18,RB_RB.A23_1648063751380000000,2022,3,23,1,1,1,1
RB,RB.A23,1.64815125386e+18,RB_RB.A23_1648151253860000000,2022,3,24,1,1,1,1
RB,RB.A23,1.64818952072e+18,RB_RB.A23_1648189520720000000,2022,3,25,1,1,1,1
RB,RB.A23,1.64823980246e+18,RB_RB.A23_1648239802460000000,2022,3,25,1,1,1,1
RB,RB.A23,1.64829123072e+18,RB_RB.A23_1648291230720000000,2022,3,26,1,1,1,1
RB,RB.A23,1.64836879322e+18,RB_RB.A23_1648368793220000000,2022,3,27,1,1,1,1
RB,RB.A23,1.64840452868e+18,RB_RB.A23_1648404528680000000,2022,3,27,1,1,1,1
RB,RB.A23,1.64844875644e+18,RB_RB.A23_1648448756440000000,2022,3,28,1,1,1,1
RB,RB.A23,1.6484917351e+18,RB_RB.A23_1648491735100000000,2022,3,28,1,1,1,1
RB,RB.A23,1.64853585058e+18,RB_RB.A23_1648535850580000000,2022,3,29,1,1,1,1
RB,RB.A23,1.6486203669e+18,RB_RB.A23_1648620366900000000,2022,3,30,1,1,1,1
RB,RB.A23,1.64866603056e+18,RB_RB.A23_1648666030560000000,2022,3,30,1,1,1,1
RB,RB.A23,1.6487063582e+18,RB_RB.A23_1648706358200000000,2022,3,31,1,1,1,1
RB,RB.A23,1.64874631886e+18,RB_RB.A23_1648746318860000000,2022,3,31,1,1,1,1
RB,RB.A23,1.64879033916e+18,RB_RB.A23_1648790339160000000,2022,4,1,1,1,1,1
RB,RB.A23,1.6488409945e+18,RB_RB.A23_1648840994500000000,2022,4,1,1,1,1,1
RB,RB.A23,1.648881813e+18,RB_RB.A23_1648881813000000000,2022,4,2,1,1,1,1
RB,RB.A23,1.64891660054e+18,RB_RB.A23_1648916600540000000,2022,4,2,1,1,1,1
RB,RB.A23,1.6489691302e+18,RB_RB.A23_1648969130200000000,2022,4,3,1,1,1,1
RB,RB.A23,1.64901354914e+18,RB_RB.A23_1649013549140000000,2022,4,3,1,1,1,1
RB,RB.A23,1.64904995728e+18,RB_RB.A23_1649049957280000000,2022,4,4,1,1,1,1
RB,RB.A23,1.64913541656e+18,RB_RB.A23_1649135416560000000,2022,4,5,1,1,1,1
RB,RB.A23,1.64918547258e+18,RB_RB.A23_1649185472580000000,2022,4,5,1,1,1,1
RB,RB.A23,1.64922190448e+18,RB_RB.A23_1649221904480000000,2022,4,6,1,1,1,1
RB,RB.A23,1.64927270336e+18,RB_RB.A23_1649272703360000000,2022,4,6,1,1,1,1
RB,RB.A23,1.64930870932e+18,RB_RB.A23_1649308709320000000,2022,4,7,1,1,1,1
RB,RB.A23,1.64935562392e+18,RB_RB.A23_1649355623920000000,2022,4,7,1,1,1,1
RB,RB.A23,1.64944195328e+18,RB_RB.A23_1649441953280000000,2022,4,8,1,1,1,1
RB,RB.A23,1.64948549186e+18,RB_RB.A23_1649485491860000000,2022,4,9,1,1,1,1
RB,RB.A23,1.6495252577e+18,RB_RB.A23_1649525257700000000,2022,4,9,1,1,1,1
RB,RB.A23,1.6495688671e+18,RB_RB.A23_1649568867100000000,2022,4,10,1,1,1,1
RB,RB.A23,1.64965497408e+18,RB_RB.A23_1649654974080000000,2022,4,11,1,1,1,1
RB,RB.A56,1.6497543676e+18,RB_RB.A56_1649754367600000000,2022,4,12,1,1,1,1
RB,RB.A67,1.65366218354e+18,RB_RB.A67_1653662183540000000,2022,5,27,1,1,0,0
RB,RB.A23,1.65386151812e+18,RB_RB.A23_1653861518120000000,2022,5,29,1,1,1,1
RB,RB.A23,1.65451274324e+18,RB_RB.A23_1654512743240000000,2022,6,6,1,1,1,1
RB,RB.A23,1.65459101968e+18,RB_RB.A23_1654591019680000000,2022,6,7,1,1,1,1
RB,RB.A23,1.65461992096e+18,RB_RB.A23_1654619920960000000,2022,6,7,1,1,1,1
RB,RB.A81,1.65589556008e+18,RB_RB.A81_1655895560080000000,2022,6,22,1,1,0,0
RB,RB.A81,1.65594586168e+18,RB_RB.A81_1655945861680000000,2022,6,23,1,1,0,0
RB,RB.A56,1.65699711878e+18,RB_RB.A56_1656997118780000000,2022,7,5,1,1,1,1
RB,RB.A56,1.6571094702e+18,RB_RB.A56_1657109470200000000,2022,7,6,1,1,1,1
RB,RB.A81,1.6571103108e+18,RB_RB.A81_1657110310800000000,2022,7,6,1,1,1,1
RB,RB.A23,1.6576138157e+18,RB_RB.A23_1657613815700000000,2022,7,12,1,1,1,1
RB,RB.A34,1.65924508816e+18,RB_RB.A34_1659245088160000000,2022,7,31,1,1,1,1
RB,RB.A12,1.659321103e+18,RB_RB.A12_1659321103000000000,2022,8,1,1,1,1,1
RB,RB.A23,1.65950148074e+18,RB_RB.A23_1659501480740000000,2022,8,3,1,1,1,1
RB,RB.A56,1.65988910638e+18,RB_RB.A56_1659889106380000000,2022,8,7,1,1,1,1
RB,RB.A56,1.6600913471e+18,RB_RB.A56_1660091347100000000,2022,8,10,1,1,1,1
RB,RB.A56,1.66045977328e+18,RB_RB.A56_1660459773280000000,2022,8,14,1,1,1,1
RB,RB.A23,1.66117025142e+18,RB_RB.A23_1661170251420000000,2022,8,22,1,1,1,1
RB,RB.A78,1.66150700732e+18,RB_RB.A78_1661507007320000000,2022,8,26,1,1,1,1
RB,RB.A67,1.6615152444e+18,RB_RB.A67_1661515244400000000,2022,8,26,1,1,1,1
RB,RB.A23,1.6615250307e+18,RB_RB.A23_1661525030700000000,2022,8,26,1,1,1,1
RB,RB.A56,1.66154448232e+18,RB_RB.A56_1661544482320000000,2022,8,26,1,1,1,1
RB,RB.A23,1.6617848233e+18,RB_RB.A23_1661784823300000000,2022,8,29,1,1,1,1
RB,RB.A78,1.66248014418e+18,RB_RB.A78_1662480144180000000,2022,9,6,1,1,1,1
RB,RB.A78,1.66385590396e+18,RB_RB.A78_1663855903960000000,2022,9,22,1,1,1,1
RB,RB.A23,1.66630838512e+18,RB_RB.A23_1666308385120000000,2022,10,21,1,1,1,1
RB,RB.A45,1.66836027414e+18,RB_RB.A45_1668360274140000000,2022,11,13,1,1,1,1
